-- MySQL dump 10.13  Distrib 8.0.42, for Win64 (x86_64)
--
-- Host: localhost    Database: communitytrackerdb
-- ------------------------------------------------------
-- Server version	8.0.42

/*!40101 SET @OLD_CHARACTER_SET_CLIENT=@@CHARACTER_SET_CLIENT */;
/*!40101 SET @OLD_CHARACTER_SET_RESULTS=@@CHARACTER_SET_RESULTS */;
/*!40101 SET @OLD_COLLATION_CONNECTION=@@COLLATION_CONNECTION */;
/*!50503 SET NAMES utf8 */;
/*!40103 SET @OLD_TIME_ZONE=@@TIME_ZONE */;
/*!40103 SET TIME_ZONE='+00:00' */;
/*!40014 SET @OLD_UNIQUE_CHECKS=@@UNIQUE_CHECKS, UNIQUE_CHECKS=0 */;
/*!40014 SET @OLD_FOREIGN_KEY_CHECKS=@@FOREIGN_KEY_CHECKS, FOREIGN_KEY_CHECKS=0 */;
/*!40101 SET @OLD_SQL_MODE=@@SQL_MODE, SQL_MODE='NO_AUTO_VALUE_ON_ZERO' */;
/*!40111 SET @OLD_SQL_NOTES=@@SQL_NOTES, SQL_NOTES=0 */;

--
-- Table structure for table `admin_sessions`
--

DROP TABLE IF EXISTS `admin_sessions`;
/*!40101 SET @saved_cs_client     = @@character_set_client */;
/*!50503 SET character_set_client = utf8mb4 */;
CREATE TABLE `admin_sessions` (
  `id` int NOT NULL AUTO_INCREMENT,
  `admin_id` int NOT NULL,
  `session_token` varchar(255) NOT NULL,
  `expires_at` datetime NOT NULL,
  `created_at` datetime NOT NULL,
  PRIMARY KEY (`id`),
  UNIQUE KEY `session_token` (`session_token`),
  KEY `admin_id` (`admin_id`),
  CONSTRAINT `admin_sessions_ibfk_1` FOREIGN KEY (`admin_id`) REFERENCES `admins` (`id`) ON DELETE CASCADE ON UPDATE CASCADE
) ENGINE=InnoDB AUTO_INCREMENT=6 DEFAULT CHARSET=utf8mb4 COLLATE=utf8mb4_0900_ai_ci;
/*!40101 SET character_set_client = @saved_cs_client */;

--
-- Dumping data for table `admin_sessions`
--

LOCK TABLES `admin_sessions` WRITE;
/*!40000 ALTER TABLE `admin_sessions` DISABLE KEYS */;
INSERT INTO `admin_sessions` VALUES (1,1,'cd345fc535f900aae378ef08d9e7b34595241a17e05ba46949534b8508d4002a','2026-01-17 09:23:14','2026-01-10 09:23:14'),(2,1,'d747562aea7afd6bbeb582409c03f656c6fffa542a7d379cba615d9cc0372b3b','2026-01-17 09:41:09','2026-01-10 09:41:09'),(3,1,'529be0381af953e744983772ac186dc36f14a8db06bccedf19f374c4b09a7b36','2026-01-17 09:42:40','2026-01-10 09:42:40'),(4,1,'ff6da284239d2668fa5f5cbfc66e0634536e5f65f0f454c5a7a20165708dbe33','2026-01-17 09:55:08','2026-01-10 09:55:08'),(5,1,'4d64c97732adf7d44975033f9bdfa9f2b3ecd4462281ff4d0c14c7093690bb89','2026-01-17 11:29:56','2026-01-10 11:29:56');
/*!40000 ALTER TABLE `admin_sessions` ENABLE KEYS */;
UNLOCK TABLES;

--
-- Table structure for table `admins`
--

DROP TABLE IF EXISTS `admins`;
/*!40101 SET @saved_cs_client     = @@character_set_client */;
/*!50503 SET character_set_client = utf8mb4 */;
CREATE TABLE `admins` (
  `id` int NOT NULL AUTO_INCREMENT,
  `email` varchar(100) NOT NULL,
  `password_hash` varchar(255) NOT NULL,
  `name` varchar(100) DEFAULT NULL,
  `created_at` datetime NOT NULL,
  PRIMARY KEY (`id`),
  UNIQUE KEY `email` (`email`)
) ENGINE=InnoDB AUTO_INCREMENT=2 DEFAULT CHARSET=utf8mb4 COLLATE=utf8mb4_0900_ai_ci;
/*!40101 SET character_set_client = @saved_cs_client */;

--
-- Dumping data for table `admins`
--

LOCK TABLES `admins` WRITE;
/*!40000 ALTER TABLE `admins` DISABLE KEYS */;
INSERT INTO `admins` VALUES (1,'salikahmad702@gmail.com','$2b$10$v6/.Ayfy8JDArJnmIyS0PO8lIAuFi8/ks75G7iZuq4nNd31wmGPOW','System Admin','2026-01-10 09:22:10');
/*!40000 ALTER TABLE `admins` ENABLE KEYS */;
UNLOCK TABLES;

--
-- Table structure for table `alerts`
--

DROP TABLE IF EXISTS `alerts`;
/*!40101 SET @saved_cs_client     = @@character_set_client */;
/*!50503 SET character_set_client = utf8mb4 */;
CREATE TABLE `alerts` (
  `AlertID` int NOT NULL AUTO_INCREMENT,
  `ItemID` int DEFAULT NULL,
  `UserID` int NOT NULL,
  `AlertDate` datetime DEFAULT CURRENT_TIMESTAMP,
  `AlertType` varchar(50) DEFAULT NULL,
  `Message` text,
  `IsRead` tinyint(1) DEFAULT '0',
  PRIMARY KEY (`AlertID`),
  KEY `ItemID` (`ItemID`),
  KEY `UserID` (`UserID`),
  CONSTRAINT `alerts_ibfk_1` FOREIGN KEY (`ItemID`) REFERENCES `items` (`ItemID`) ON DELETE SET NULL,
  CONSTRAINT `alerts_ibfk_2` FOREIGN KEY (`UserID`) REFERENCES `users` (`UserID`)
) ENGINE=InnoDB AUTO_INCREMENT=201 DEFAULT CHARSET=utf8mb4 COLLATE=utf8mb4_0900_ai_ci;
/*!40101 SET character_set_client = @saved_cs_client */;

--
-- Dumping data for table `alerts`
--

LOCK TABLES `alerts` WRITE;
/*!40000 ALTER TABLE `alerts` DISABLE KEYS */;
INSERT INTO `alerts` VALUES (1,475,55,'2024-12-18 00:00:00','Match Found','Alert regarding item 475',0),(2,227,219,'2025-04-10 00:00:00','New Comment','Alert regarding item 227',0),(3,374,63,'2025-12-15 00:00:00','New Comment','Alert regarding item 374',1),(4,333,48,'2025-11-14 00:00:00','Match Found','Alert regarding item 333',1),(5,29,74,'2025-12-02 00:00:00','New Comment','Alert regarding item 29',1),(6,779,294,'2024-03-28 00:00:00','New Comment','Alert regarding item 779',1),(7,742,294,'2024-01-16 00:00:00','Match Found','Alert regarding item 742',1),(8,593,253,'2024-04-30 00:00:00','New Comment','Alert regarding item 593',1),(9,55,49,'2025-06-24 00:00:00','New Comment','Alert regarding item 55',0),(10,458,116,'2025-07-04 00:00:00','New Comment','Alert regarding item 458',1),(11,128,56,'2024-09-04 00:00:00','Match Found','Alert regarding item 128',1),(12,197,13,'2024-07-16 00:00:00','New Comment','Alert regarding item 197',0),(13,489,193,'2024-09-05 00:00:00','Match Found','Alert regarding item 489',1),(14,214,177,'2024-07-04 00:00:00','Status Update','Alert regarding item 214',0),(15,418,183,'2025-12-23 00:00:00','New Comment','Alert regarding item 418',0),(16,341,61,'2025-08-30 00:00:00','Status Update','Alert regarding item 341',1),(17,173,276,'2025-01-30 00:00:00','Status Update','Alert regarding item 173',0),(18,573,217,'2024-09-27 00:00:00','Match Found','Alert regarding item 573',0),(19,87,277,'2024-04-14 00:00:00','Match Found','Alert regarding item 87',1),(20,649,6,'2024-08-07 00:00:00','New Comment','Alert regarding item 649',0),(21,158,279,'2024-08-21 00:00:00','New Comment','Alert regarding item 158',0),(22,755,116,'2025-06-07 00:00:00','Match Found','Alert regarding item 755',0),(23,299,182,'2024-07-22 00:00:00','Match Found','Alert regarding item 299',1),(24,763,12,'2024-11-21 00:00:00','Status Update','Alert regarding item 763',0),(25,279,56,'2025-07-22 00:00:00','New Comment','Alert regarding item 279',1),(26,218,194,'2024-11-07 00:00:00','Status Update','Alert regarding item 218',1),(27,146,216,'2025-10-07 00:00:00','New Comment','Alert regarding item 146',1),(28,707,3,'2024-03-01 00:00:00','Status Update','Alert regarding item 707',0),(29,194,291,'2025-11-05 00:00:00','New Comment','Alert regarding item 194',1),(30,484,82,'2025-11-14 00:00:00','Match Found','Alert regarding item 484',0),(31,479,173,'2025-08-18 00:00:00','Status Update','Alert regarding item 479',1),(32,650,92,'2024-04-12 00:00:00','New Comment','Alert regarding item 650',1),(33,204,293,'2025-03-12 00:00:00','New Comment','Alert regarding item 204',0),(34,210,267,'2025-04-08 00:00:00','Status Update','Alert regarding item 210',0),(35,349,85,'2024-01-06 00:00:00','New Comment','Alert regarding item 349',1),(36,471,109,'2024-12-10 00:00:00','New Comment','Alert regarding item 471',0),(37,677,98,'2024-03-07 00:00:00','New Comment','Alert regarding item 677',0),(38,434,230,'2024-08-17 00:00:00','New Comment','Alert regarding item 434',1),(39,547,281,'2025-03-13 00:00:00','New Comment','Alert regarding item 547',1),(40,737,283,'2024-05-27 00:00:00','New Comment','Alert regarding item 737',1),(41,118,136,'2025-04-15 00:00:00','Status Update','Alert regarding item 118',0),(42,774,229,'2025-05-04 00:00:00','New Comment','Alert regarding item 774',0),(43,49,14,'2024-07-17 00:00:00','Match Found','Alert regarding item 49',1),(44,631,68,'2025-06-14 00:00:00','Match Found','Alert regarding item 631',1),(45,768,101,'2024-12-25 00:00:00','New Comment','Alert regarding item 768',0),(46,434,8,'2024-01-28 00:00:00','Status Update','Alert regarding item 434',0),(47,239,164,'2025-12-08 00:00:00','Status Update','Alert regarding item 239',0),(48,470,230,'2024-12-21 00:00:00','Match Found','Alert regarding item 470',0),(49,544,246,'2025-06-25 00:00:00','Match Found','Alert regarding item 544',0),(50,466,93,'2025-04-21 00:00:00','Match Found','Alert regarding item 466',0),(51,19,242,'2025-02-25 00:00:00','New Comment','Alert regarding item 19',1),(52,204,200,'2025-10-17 00:00:00','New Comment','Alert regarding item 204',0),(53,715,278,'2025-11-29 00:00:00','New Comment','Alert regarding item 715',1),(54,171,131,'2024-09-24 00:00:00','New Comment','Alert regarding item 171',0),(55,81,75,'2025-06-10 00:00:00','Match Found','Alert regarding item 81',0),(56,291,293,'2025-09-17 00:00:00','Status Update','Alert regarding item 291',1),(57,515,168,'2025-02-05 00:00:00','Status Update','Alert regarding item 515',0),(58,681,299,'2025-10-12 00:00:00','New Comment','Alert regarding item 681',0),(59,309,135,'2024-02-20 00:00:00','Status Update','Alert regarding item 309',1),(60,111,60,'2024-01-03 00:00:00','Match Found','Alert regarding item 111',1),(61,480,269,'2025-08-25 00:00:00','Match Found','Alert regarding item 480',1),(62,765,223,'2024-12-10 00:00:00','Match Found','Alert regarding item 765',1),(63,508,24,'2025-10-14 00:00:00','New Comment','Alert regarding item 508',0),(64,169,234,'2024-05-01 00:00:00','New Comment','Alert regarding item 169',0),(65,590,115,'2025-01-13 00:00:00','New Comment','Alert regarding item 590',0),(66,80,224,'2024-12-20 00:00:00','Match Found','Alert regarding item 80',1),(67,88,89,'2024-03-04 00:00:00','Match Found','Alert regarding item 88',1),(68,299,155,'2024-02-07 00:00:00','Match Found','Alert regarding item 299',1),(69,257,129,'2024-11-25 00:00:00','Match Found','Alert regarding item 257',0),(70,211,13,'2025-04-20 00:00:00','Status Update','Alert regarding item 211',1),(71,255,259,'2024-04-27 00:00:00','Status Update','Alert regarding item 255',0),(72,778,181,'2024-01-03 00:00:00','Match Found','Alert regarding item 778',1),(73,218,63,'2025-02-23 00:00:00','New Comment','Alert regarding item 218',0),(74,396,184,'2025-06-09 00:00:00','Match Found','Alert regarding item 396',1),(75,714,75,'2024-03-27 00:00:00','Status Update','Alert regarding item 714',0),(76,723,293,'2025-07-07 00:00:00','New Comment','Alert regarding item 723',0),(77,181,43,'2024-07-12 00:00:00','Match Found','Alert regarding item 181',0),(78,65,205,'2025-05-22 00:00:00','New Comment','Alert regarding item 65',0),(79,31,182,'2025-01-02 00:00:00','New Comment','Alert regarding item 31',1),(80,640,193,'2025-10-14 00:00:00','Match Found','Alert regarding item 640',0),(81,11,14,'2025-11-13 00:00:00','New Comment','Alert regarding item 11',0),(82,650,298,'2025-06-26 00:00:00','Status Update','Alert regarding item 650',0),(83,178,159,'2025-09-14 00:00:00','Match Found','Alert regarding item 178',1),(84,491,264,'2025-01-23 00:00:00','New Comment','Alert regarding item 491',0),(85,14,72,'2025-06-01 00:00:00','Status Update','Alert regarding item 14',0),(86,339,121,'2025-11-16 00:00:00','Status Update','Alert regarding item 339',0),(87,194,69,'2025-10-02 00:00:00','Match Found','Alert regarding item 194',0),(88,490,192,'2024-06-01 00:00:00','New Comment','Alert regarding item 490',0),(89,533,2,'2025-11-08 00:00:00','Match Found','Alert regarding item 533',1),(90,702,241,'2024-09-02 00:00:00','Status Update','Alert regarding item 702',1),(91,292,28,'2024-04-18 00:00:00','New Comment','Alert regarding item 292',1),(92,123,208,'2025-05-21 00:00:00','New Comment','Alert regarding item 123',1),(93,83,28,'2025-10-24 00:00:00','Status Update','Alert regarding item 83',1),(94,780,121,'2024-04-19 00:00:00','Status Update','Alert regarding item 780',1),(95,7,232,'2024-04-11 00:00:00','Match Found','Alert regarding item 7',0),(96,750,197,'2024-03-13 00:00:00','New Comment','Alert regarding item 750',1),(97,19,80,'2024-03-25 00:00:00','Status Update','Alert regarding item 19',0),(98,13,14,'2024-09-10 00:00:00','Status Update','Alert regarding item 13',1),(99,460,8,'2024-12-01 00:00:00','Match Found','Alert regarding item 460',1),(100,134,257,'2024-06-08 00:00:00','Status Update','Alert regarding item 134',0),(101,122,161,'2025-09-12 00:00:00','New Comment','Alert regarding item 122',1),(102,432,191,'2024-10-23 00:00:00','Match Found','Alert regarding item 432',1),(103,154,157,'2025-05-03 00:00:00','New Comment','Alert regarding item 154',0),(104,516,13,'2024-12-19 00:00:00','Match Found','Alert regarding item 516',0),(105,80,30,'2025-01-25 00:00:00','Status Update','Alert regarding item 80',0),(106,452,285,'2025-03-12 00:00:00','Status Update','Alert regarding item 452',0),(107,98,13,'2024-10-04 00:00:00','New Comment','Alert regarding item 98',1),(108,427,120,'2024-08-24 00:00:00','New Comment','Alert regarding item 427',1),(109,212,83,'2024-11-17 00:00:00','New Comment','Alert regarding item 212',1),(110,583,184,'2025-12-10 00:00:00','Status Update','Alert regarding item 583',1),(111,241,20,'2024-09-04 00:00:00','New Comment','Alert regarding item 241',1),(112,603,274,'2025-10-10 00:00:00','Status Update','Alert regarding item 603',1),(113,314,176,'2025-06-03 00:00:00','New Comment','Alert regarding item 314',1),(114,405,196,'2024-08-11 00:00:00','Match Found','Alert regarding item 405',1),(115,151,165,'2025-12-25 00:00:00','Match Found','Alert regarding item 151',0),(116,269,15,'2024-03-02 00:00:00','Status Update','Alert regarding item 269',0),(117,14,284,'2024-11-15 00:00:00','Match Found','Alert regarding item 14',1),(118,125,3,'2025-02-06 00:00:00','Status Update','Alert regarding item 125',0),(119,20,254,'2025-07-22 00:00:00','Match Found','Alert regarding item 20',0),(120,277,275,'2024-06-27 00:00:00','Status Update','Alert regarding item 277',0),(121,621,155,'2024-08-22 00:00:00','Match Found','Alert regarding item 621',1),(122,292,223,'2025-06-13 00:00:00','Status Update','Alert regarding item 292',0),(123,392,74,'2025-05-04 00:00:00','Status Update','Alert regarding item 392',0),(124,582,299,'2024-04-21 00:00:00','Status Update','Alert regarding item 582',1),(125,619,16,'2024-03-18 00:00:00','Status Update','Alert regarding item 619',1),(126,249,59,'2024-03-21 00:00:00','Match Found','Alert regarding item 249',1),(127,464,53,'2025-01-01 00:00:00','Status Update','Alert regarding item 464',0),(128,114,143,'2025-07-24 00:00:00','Match Found','Alert regarding item 114',0),(129,93,105,'2024-11-19 00:00:00','Match Found','Alert regarding item 93',0),(130,486,126,'2025-12-01 00:00:00','Status Update','Alert regarding item 486',1),(131,302,177,'2024-01-20 00:00:00','New Comment','Alert regarding item 302',0),(132,40,171,'2024-06-06 00:00:00','Match Found','Alert regarding item 40',0),(133,792,27,'2024-01-14 00:00:00','New Comment','Alert regarding item 792',1),(134,398,7,'2025-08-06 00:00:00','Match Found','Alert regarding item 398',1),(135,298,36,'2025-04-09 00:00:00','New Comment','Alert regarding item 298',0),(136,58,44,'2025-09-29 00:00:00','Match Found','Alert regarding item 58',1),(137,701,2,'2024-09-09 00:00:00','New Comment','Alert regarding item 701',1),(138,133,55,'2025-02-09 00:00:00','New Comment','Alert regarding item 133',0),(139,268,100,'2024-06-21 00:00:00','Status Update','Alert regarding item 268',0),(140,41,119,'2025-09-04 00:00:00','Status Update','Alert regarding item 41',0),(141,702,123,'2025-11-10 00:00:00','Status Update','Alert regarding item 702',0),(142,751,130,'2025-11-06 00:00:00','Status Update','Alert regarding item 751',1),(143,561,78,'2024-12-28 00:00:00','New Comment','Alert regarding item 561',0),(144,337,124,'2025-04-16 00:00:00','Status Update','Alert regarding item 337',1),(145,694,208,'2025-01-10 00:00:00','New Comment','Alert regarding item 694',0),(146,166,8,'2025-05-31 00:00:00','New Comment','Alert regarding item 166',1),(147,654,171,'2025-03-18 00:00:00','Match Found','Alert regarding item 654',0),(148,361,98,'2025-06-02 00:00:00','Match Found','Alert regarding item 361',0),(149,435,161,'2025-10-01 00:00:00','Match Found','Alert regarding item 435',1),(150,37,91,'2024-03-16 00:00:00','New Comment','Alert regarding item 37',1),(151,483,180,'2025-03-22 00:00:00','Status Update','Alert regarding item 483',0),(152,635,278,'2025-04-11 00:00:00','Status Update','Alert regarding item 635',0),(153,571,285,'2024-03-21 00:00:00','Status Update','Alert regarding item 571',0),(154,764,92,'2024-09-04 00:00:00','Status Update','Alert regarding item 764',1),(155,670,30,'2024-10-10 00:00:00','Status Update','Alert regarding item 670',0),(156,273,229,'2024-05-13 00:00:00','Match Found','Alert regarding item 273',1),(157,326,218,'2024-03-20 00:00:00','New Comment','Alert regarding item 326',0),(158,467,63,'2025-05-14 00:00:00','Status Update','Alert regarding item 467',0),(159,286,298,'2025-04-15 00:00:00','Match Found','Alert regarding item 286',0),(160,760,58,'2025-07-21 00:00:00','New Comment','Alert regarding item 760',1),(161,250,277,'2024-11-10 00:00:00','New Comment','Alert regarding item 250',0),(162,492,129,'2024-03-04 00:00:00','New Comment','Alert regarding item 492',1),(163,771,191,'2024-02-09 00:00:00','Status Update','Alert regarding item 771',0),(164,477,135,'2025-06-12 00:00:00','Status Update','Alert regarding item 477',1),(165,688,147,'2024-01-02 00:00:00','Match Found','Alert regarding item 688',1),(166,321,174,'2025-02-23 00:00:00','New Comment','Alert regarding item 321',0),(167,620,272,'2025-10-17 00:00:00','Match Found','Alert regarding item 620',0),(168,354,138,'2025-07-14 00:00:00','New Comment','Alert regarding item 354',0),(169,75,213,'2025-10-10 00:00:00','Match Found','Alert regarding item 75',1),(170,168,104,'2025-07-30 00:00:00','New Comment','Alert regarding item 168',0),(171,717,253,'2024-09-18 00:00:00','New Comment','Alert regarding item 717',1),(172,129,251,'2024-05-25 00:00:00','New Comment','Alert regarding item 129',0),(173,280,114,'2025-01-07 00:00:00','Match Found','Alert regarding item 280',1),(174,439,175,'2025-03-20 00:00:00','New Comment','Alert regarding item 439',1),(175,674,257,'2025-03-29 00:00:00','Match Found','Alert regarding item 674',0),(176,622,110,'2024-06-04 00:00:00','Status Update','Alert regarding item 622',0),(177,394,43,'2024-02-27 00:00:00','Match Found','Alert regarding item 394',0),(178,483,192,'2024-09-17 00:00:00','Match Found','Alert regarding item 483',1),(179,430,277,'2024-06-12 00:00:00','New Comment','Alert regarding item 430',1),(180,643,190,'2025-03-19 00:00:00','Status Update','Alert regarding item 643',1),(181,147,239,'2025-08-28 00:00:00','Match Found','Alert regarding item 147',1),(182,773,120,'2024-10-19 00:00:00','Status Update','Alert regarding item 773',0),(183,332,265,'2024-01-12 00:00:00','New Comment','Alert regarding item 332',0),(184,148,86,'2024-08-28 00:00:00','New Comment','Alert regarding item 148',1),(185,469,221,'2024-08-11 00:00:00','New Comment','Alert regarding item 469',1),(186,790,247,'2024-11-22 00:00:00','Status Update','Alert regarding item 790',1),(187,755,41,'2025-08-16 00:00:00','Match Found','Alert regarding item 755',0),(188,202,177,'2024-05-09 00:00:00','Status Update','Alert regarding item 202',1),(189,755,296,'2024-05-26 00:00:00','Status Update','Alert regarding item 755',1),(190,281,232,'2025-08-25 00:00:00','Match Found','Alert regarding item 281',0),(191,340,228,'2025-08-02 00:00:00','Match Found','Alert regarding item 340',1),(192,467,133,'2024-07-14 00:00:00','New Comment','Alert regarding item 467',0),(193,775,76,'2025-02-08 00:00:00','New Comment','Alert regarding item 775',1),(194,745,253,'2024-08-07 00:00:00','Match Found','Alert regarding item 745',1),(195,298,169,'2025-08-29 00:00:00','Status Update','Alert regarding item 298',1),(196,408,115,'2024-03-18 00:00:00','Match Found','Alert regarding item 408',0),(197,603,112,'2025-11-02 00:00:00','Status Update','Alert regarding item 603',0),(198,659,124,'2024-02-28 00:00:00','Status Update','Alert regarding item 659',0),(199,574,181,'2025-08-16 00:00:00','Status Update','Alert regarding item 574',1),(200,207,269,'2024-10-11 00:00:00','Status Update','Alert regarding item 207',1);
/*!40000 ALTER TABLE `alerts` ENABLE KEYS */;
UNLOCK TABLES;

--
-- Table structure for table `comments`
--

DROP TABLE IF EXISTS `comments`;
/*!40101 SET @saved_cs_client     = @@character_set_client */;
/*!50503 SET character_set_client = utf8mb4 */;
CREATE TABLE `comments` (
  `CommentID` int NOT NULL AUTO_INCREMENT,
  `ItemID` int NOT NULL,
  `UserID` int NOT NULL,
  `CommentText` text NOT NULL,
  `CommentDate` datetime DEFAULT CURRENT_TIMESTAMP,
  PRIMARY KEY (`CommentID`),
  KEY `ItemID` (`ItemID`),
  KEY `UserID` (`UserID`),
  CONSTRAINT `comments_ibfk_1` FOREIGN KEY (`ItemID`) REFERENCES `items` (`ItemID`),
  CONSTRAINT `comments_ibfk_2` FOREIGN KEY (`UserID`) REFERENCES `users` (`UserID`)
) ENGINE=InnoDB AUTO_INCREMENT=201 DEFAULT CHARSET=utf8mb4 COLLATE=utf8mb4_0900_ai_ci;
/*!40101 SET character_set_client = @saved_cs_client */;

--
-- Dumping data for table `comments`
--

LOCK TABLES `comments` WRITE;
/*!40000 ALTER TABLE `comments` DISABLE KEYS */;
INSERT INTO `comments` VALUES (1,644,252,'Please contact me','2024-12-17 00:00:00'),(2,404,287,'Can you provide more details?','2025-12-16 00:00:00'),(3,459,228,'I lost this too!','2024-11-05 00:00:00'),(4,9,119,'Please contact me','2024-09-22 00:00:00'),(5,221,232,'Please contact me','2024-12-06 00:00:00'),(6,403,206,'Please contact me','2024-12-15 00:00:00'),(7,15,40,'Is this still available?','2025-12-10 00:00:00'),(8,42,2,'Can you provide more details?','2025-06-05 00:00:00'),(9,29,72,'Can you provide more details?','2024-07-09 00:00:00'),(10,169,82,'Can you provide more details?','2024-06-14 00:00:00'),(11,544,134,'I lost this too!','2024-12-19 00:00:00'),(12,378,277,'Is this still available?','2024-01-21 00:00:00'),(13,105,161,'Can you provide more details?','2024-12-19 00:00:00'),(14,540,124,'I found something similar','2025-06-09 00:00:00'),(15,709,243,'Is this still available?','2025-09-14 00:00:00'),(16,206,62,'I lost this too!','2024-05-29 00:00:00'),(17,513,185,'Is this still available?','2024-03-24 00:00:00'),(18,685,263,'I found something similar','2024-11-10 00:00:00'),(19,99,229,'Please contact me','2025-02-13 00:00:00'),(20,671,255,'I found something similar','2024-05-23 00:00:00'),(21,762,57,'Can you provide more details?','2024-05-02 00:00:00'),(22,10,250,'I found something similar','2025-03-06 00:00:00'),(23,181,130,'Can you provide more details?','2025-01-02 00:00:00'),(24,489,2,'I found something similar','2024-06-26 00:00:00'),(25,74,242,'Please contact me','2025-03-30 00:00:00'),(26,535,188,'I found something similar','2024-11-02 00:00:00'),(27,600,71,'I lost this too!','2024-12-09 00:00:00'),(28,798,239,'I lost this too!','2025-12-29 00:00:00'),(29,419,156,'Is this still available?','2025-08-17 00:00:00'),(30,468,288,'Can you provide more details?','2024-08-25 00:00:00'),(31,550,248,'Can you provide more details?','2025-12-09 00:00:00'),(32,582,214,'I lost this too!','2025-09-26 00:00:00'),(33,203,160,'I lost this too!','2025-07-19 00:00:00'),(34,630,226,'I found something similar','2024-12-14 00:00:00'),(35,70,4,'Please contact me','2024-09-03 00:00:00'),(36,340,210,'I lost this too!','2025-04-04 00:00:00'),(37,146,103,'Please contact me','2024-10-25 00:00:00'),(38,493,145,'I found something similar','2025-02-21 00:00:00'),(39,413,33,'Is this still available?','2025-03-31 00:00:00'),(40,422,294,'Can you provide more details?','2025-02-06 00:00:00'),(41,19,140,'Can you provide more details?','2025-08-19 00:00:00'),(42,253,57,'Please contact me','2024-02-09 00:00:00'),(43,38,235,'I lost this too!','2024-01-13 00:00:00'),(44,463,266,'Please contact me','2024-07-16 00:00:00'),(45,141,209,'I found something similar','2025-11-07 00:00:00'),(46,733,144,'Is this still available?','2024-11-30 00:00:00'),(47,788,194,'Can you provide more details?','2025-10-07 00:00:00'),(48,744,270,'Please contact me','2025-09-05 00:00:00'),(49,675,202,'Please contact me','2025-01-22 00:00:00'),(50,586,263,'I found something similar','2025-06-13 00:00:00'),(51,194,272,'I found something similar','2024-06-26 00:00:00'),(52,546,36,'I lost this too!','2024-07-22 00:00:00'),(53,608,42,'I lost this too!','2024-05-20 00:00:00'),(54,318,156,'Please contact me','2024-09-09 00:00:00'),(55,164,101,'I found something similar','2025-04-26 00:00:00'),(56,343,271,'Can you provide more details?','2025-09-26 00:00:00'),(57,622,176,'Can you provide more details?','2024-01-16 00:00:00'),(58,480,223,'Please contact me','2024-06-16 00:00:00'),(59,256,142,'I lost this too!','2024-03-25 00:00:00'),(60,274,42,'I found something similar','2025-09-07 00:00:00'),(61,241,37,'I lost this too!','2024-07-21 00:00:00'),(62,712,74,'I found something similar','2025-01-12 00:00:00'),(63,167,104,'Is this still available?','2025-01-12 00:00:00'),(64,250,147,'I lost this too!','2024-02-28 00:00:00'),(65,468,192,'I lost this too!','2024-06-29 00:00:00'),(66,597,271,'I found something similar','2025-05-02 00:00:00'),(67,302,276,'Can you provide more details?','2025-11-19 00:00:00'),(68,196,68,'I found something similar','2025-09-03 00:00:00'),(69,290,34,'I found something similar','2025-01-17 00:00:00'),(70,206,186,'Can you provide more details?','2025-11-29 00:00:00'),(71,344,262,'Can you provide more details?','2024-04-24 00:00:00'),(72,472,27,'I lost this too!','2025-11-02 00:00:00'),(73,157,227,'Is this still available?','2025-12-06 00:00:00'),(74,61,135,'I lost this too!','2024-12-04 00:00:00'),(75,491,110,'Can you provide more details?','2024-12-17 00:00:00'),(76,7,196,'Is this still available?','2024-05-21 00:00:00'),(77,129,82,'I found something similar','2025-11-03 00:00:00'),(78,484,30,'I lost this too!','2025-10-24 00:00:00'),(79,761,105,'Please contact me','2025-12-22 00:00:00'),(80,473,36,'Is this still available?','2025-04-16 00:00:00'),(81,671,187,'Can you provide more details?','2025-01-11 00:00:00'),(82,283,179,'Can you provide more details?','2025-10-26 00:00:00'),(83,669,56,'Can you provide more details?','2024-09-24 00:00:00'),(84,347,258,'Please contact me','2024-11-23 00:00:00'),(85,157,78,'Can you provide more details?','2025-10-13 00:00:00'),(86,395,19,'Can you provide more details?','2025-12-10 00:00:00'),(87,65,139,'Please contact me','2024-10-08 00:00:00'),(88,616,45,'Is this still available?','2025-04-09 00:00:00'),(89,244,34,'I found something similar','2025-04-14 00:00:00'),(90,93,131,'Is this still available?','2025-02-12 00:00:00'),(91,132,71,'Can you provide more details?','2025-01-11 00:00:00'),(92,167,7,'I found something similar','2025-06-13 00:00:00'),(93,169,205,'Can you provide more details?','2025-07-24 00:00:00'),(94,38,69,'Is this still available?','2024-12-02 00:00:00'),(95,523,276,'Can you provide more details?','2025-09-08 00:00:00'),(96,752,133,'Please contact me','2025-08-16 00:00:00'),(97,278,164,'I found something similar','2024-05-12 00:00:00'),(98,393,172,'I found something similar','2025-07-16 00:00:00'),(99,541,249,'Is this still available?','2025-08-30 00:00:00'),(100,264,269,'Is this still available?','2024-12-06 00:00:00'),(101,48,248,'I lost this too!','2025-12-22 00:00:00'),(102,757,140,'I lost this too!','2025-07-03 00:00:00'),(103,263,64,'I lost this too!','2024-10-30 00:00:00'),(104,476,9,'Please contact me','2025-01-29 00:00:00'),(105,245,21,'Please contact me','2025-08-08 00:00:00'),(106,214,276,'Can you provide more details?','2025-10-13 00:00:00'),(107,575,188,'Can you provide more details?','2024-08-07 00:00:00'),(108,768,39,'I lost this too!','2024-12-06 00:00:00'),(109,452,260,'Please contact me','2024-09-08 00:00:00'),(110,595,71,'Can you provide more details?','2025-07-08 00:00:00'),(111,624,120,'Please contact me','2025-10-27 00:00:00'),(112,464,94,'I lost this too!','2024-02-21 00:00:00'),(113,330,135,'Please contact me','2025-10-08 00:00:00'),(114,300,64,'Please contact me','2024-12-29 00:00:00'),(115,575,172,'I lost this too!','2024-05-09 00:00:00'),(116,633,260,'I lost this too!','2024-12-28 00:00:00'),(117,350,292,'I lost this too!','2024-12-07 00:00:00'),(118,33,64,'Is this still available?','2025-06-27 00:00:00'),(119,360,9,'I found something similar','2025-01-23 00:00:00'),(120,691,188,'I lost this too!','2025-12-12 00:00:00'),(121,245,93,'Can you provide more details?','2024-11-23 00:00:00'),(122,34,52,'Please contact me','2025-12-03 00:00:00'),(123,5,225,'I lost this too!','2024-12-25 00:00:00'),(124,290,149,'Is this still available?','2025-05-10 00:00:00'),(125,674,286,'I found something similar','2024-06-09 00:00:00'),(126,344,50,'I found something similar','2024-05-27 00:00:00'),(127,646,218,'Is this still available?','2025-11-25 00:00:00'),(128,633,179,'Is this still available?','2025-03-20 00:00:00'),(129,572,200,'Is this still available?','2025-03-15 00:00:00'),(130,232,164,'Is this still available?','2025-02-26 00:00:00'),(131,556,6,'I found something similar','2024-08-08 00:00:00'),(132,62,3,'Is this still available?','2025-08-08 00:00:00'),(133,764,183,'Can you provide more details?','2025-05-22 00:00:00'),(134,582,165,'Can you provide more details?','2025-01-08 00:00:00'),(135,187,45,'Can you provide more details?','2024-05-05 00:00:00'),(136,584,156,'Is this still available?','2024-02-27 00:00:00'),(137,746,149,'I lost this too!','2025-09-11 00:00:00'),(138,645,191,'I found something similar','2024-10-16 00:00:00'),(139,1,223,'Please contact me','2025-02-26 00:00:00'),(140,740,239,'I lost this too!','2025-12-10 00:00:00'),(141,560,80,'Is this still available?','2025-04-15 00:00:00'),(142,746,186,'Please contact me','2024-06-16 00:00:00'),(143,407,2,'Please contact me','2024-04-18 00:00:00'),(144,760,283,'Please contact me','2025-04-07 00:00:00'),(145,365,298,'I found something similar','2025-12-10 00:00:00'),(146,284,251,'Is this still available?','2025-10-11 00:00:00'),(147,407,156,'I found something similar','2024-11-12 00:00:00'),(148,358,130,'Is this still available?','2024-02-26 00:00:00'),(149,544,229,'Please contact me','2024-04-22 00:00:00'),(150,503,247,'Is this still available?','2025-03-08 00:00:00'),(151,559,158,'Can you provide more details?','2024-08-11 00:00:00'),(152,423,271,'Is this still available?','2024-12-19 00:00:00'),(153,331,73,'I found something similar','2025-10-08 00:00:00'),(154,270,55,'Please contact me','2025-10-14 00:00:00'),(155,379,170,'Is this still available?','2025-05-06 00:00:00'),(156,301,79,'I found something similar','2024-11-29 00:00:00'),(157,750,169,'I found something similar','2025-06-08 00:00:00'),(158,325,220,'I lost this too!','2025-08-31 00:00:00'),(159,528,277,'I lost this too!','2024-09-15 00:00:00'),(160,588,275,'I found something similar','2024-01-12 00:00:00'),(161,184,185,'Is this still available?','2025-04-27 00:00:00'),(162,627,82,'I lost this too!','2024-09-16 00:00:00'),(163,327,39,'Please contact me','2025-06-07 00:00:00'),(164,330,212,'I lost this too!','2024-08-02 00:00:00'),(165,4,181,'Please contact me','2024-07-29 00:00:00'),(166,446,186,'I lost this too!','2024-06-04 00:00:00'),(167,364,172,'Can you provide more details?','2024-10-11 00:00:00'),(168,231,67,'Is this still available?','2024-09-10 00:00:00'),(169,682,151,'I found something similar','2024-11-03 00:00:00'),(170,422,65,'Can you provide more details?','2025-03-30 00:00:00'),(171,547,78,'Is this still available?','2025-06-26 00:00:00'),(172,31,161,'I found something similar','2025-12-29 00:00:00'),(173,389,54,'I lost this too!','2025-05-26 00:00:00'),(174,434,200,'Please contact me','2024-10-12 00:00:00'),(175,767,200,'I lost this too!','2024-02-28 00:00:00'),(176,151,229,'Can you provide more details?','2025-09-05 00:00:00'),(177,413,134,'I found something similar','2025-09-11 00:00:00'),(178,353,188,'I lost this too!','2025-03-29 00:00:00'),(179,399,251,'Is this still available?','2025-02-07 00:00:00'),(180,515,256,'Please contact me','2024-06-07 00:00:00'),(181,420,216,'Please contact me','2024-12-04 00:00:00'),(182,226,101,'Can you provide more details?','2025-07-25 00:00:00'),(183,257,13,'I lost this too!','2024-09-26 00:00:00'),(184,626,290,'Is this still available?','2025-11-15 00:00:00'),(185,717,29,'Can you provide more details?','2024-05-26 00:00:00'),(186,522,81,'I found something similar','2024-11-04 00:00:00'),(187,758,122,'Please contact me','2025-05-13 00:00:00'),(188,211,151,'Can you provide more details?','2025-10-02 00:00:00'),(189,653,154,'Can you provide more details?','2025-12-27 00:00:00'),(190,116,112,'I found something similar','2025-04-23 00:00:00'),(191,31,10,'Can you provide more details?','2025-04-01 00:00:00'),(192,614,89,'I found something similar','2024-07-27 00:00:00'),(193,121,173,'Please contact me','2024-05-09 00:00:00'),(194,227,263,'Please contact me','2025-12-08 00:00:00'),(195,699,243,'I found something similar','2024-08-01 00:00:00'),(196,228,111,'Can you provide more details?','2024-05-15 00:00:00'),(197,243,117,'Is this still available?','2024-09-03 00:00:00'),(198,345,13,'I found something similar','2025-05-13 00:00:00'),(199,411,43,'Can you provide more details?','2024-12-18 00:00:00'),(200,251,64,'Please contact me','2024-04-18 00:00:00');
/*!40000 ALTER TABLE `comments` ENABLE KEYS */;
UNLOCK TABLES;

--
-- Temporary view structure for view `founditemsview`
--

DROP TABLE IF EXISTS `founditemsview`;
/*!50001 DROP VIEW IF EXISTS `founditemsview`*/;
SET @saved_cs_client     = @@character_set_client;
/*!50503 SET character_set_client = utf8mb4 */;
/*!50001 CREATE VIEW `founditemsview` AS SELECT 
 1 AS `ItemID`,
 1 AS `ItemName`,
 1 AS `Description`,
 1 AS `CategoryName`,
 1 AS `LocationName`,
 1 AS `DateReported`*/;
SET character_set_client = @saved_cs_client;

--
-- Table structure for table `itemcategories`
--

DROP TABLE IF EXISTS `itemcategories`;
/*!40101 SET @saved_cs_client     = @@character_set_client */;
/*!50503 SET character_set_client = utf8mb4 */;
CREATE TABLE `itemcategories` (
  `CategoryID` int NOT NULL AUTO_INCREMENT,
  `CategoryName` varchar(50) NOT NULL,
  PRIMARY KEY (`CategoryID`),
  UNIQUE KEY `CategoryName` (`CategoryName`)
) ENGINE=InnoDB AUTO_INCREMENT=9 DEFAULT CHARSET=utf8mb4 COLLATE=utf8mb4_0900_ai_ci;
/*!40101 SET character_set_client = @saved_cs_client */;

--
-- Dumping data for table `itemcategories`
--

LOCK TABLES `itemcategories` WRITE;
/*!40000 ALTER TABLE `itemcategories` DISABLE KEYS */;
INSERT INTO `itemcategories` VALUES (6,'Clothing'),(2,'Documents'),(1,'Electronics'),(7,'Keys'),(8,'Other'),(3,'Personal Accessories'),(5,'Pets'),(4,'Vehicles');
/*!40000 ALTER TABLE `itemcategories` ENABLE KEYS */;
UNLOCK TABLES;

--
-- Table structure for table `itemconditions`
--

DROP TABLE IF EXISTS `itemconditions`;
/*!40101 SET @saved_cs_client     = @@character_set_client */;
/*!50503 SET character_set_client = utf8mb4 */;
CREATE TABLE `itemconditions` (
  `ConditionID` int NOT NULL AUTO_INCREMENT,
  `ConditionName` varchar(50) NOT NULL,
  PRIMARY KEY (`ConditionID`),
  UNIQUE KEY `ConditionName` (`ConditionName`)
) ENGINE=InnoDB AUTO_INCREMENT=6 DEFAULT CHARSET=utf8mb4 COLLATE=utf8mb4_0900_ai_ci;
/*!40101 SET character_set_client = @saved_cs_client */;

--
-- Dumping data for table `itemconditions`
--

LOCK TABLES `itemconditions` WRITE;
/*!40000 ALTER TABLE `itemconditions` DISABLE KEYS */;
INSERT INTO `itemconditions` VALUES (5,'Broken'),(4,'Damaged'),(2,'Good'),(1,'New'),(3,'Used');
/*!40000 ALTER TABLE `itemconditions` ENABLE KEYS */;
UNLOCK TABLES;

--
-- Table structure for table `itempriorities`
--

DROP TABLE IF EXISTS `itempriorities`;
/*!40101 SET @saved_cs_client     = @@character_set_client */;
/*!50503 SET character_set_client = utf8mb4 */;
CREATE TABLE `itempriorities` (
  `PriorityID` int NOT NULL AUTO_INCREMENT,
  `PriorityLevel` varchar(50) NOT NULL,
  PRIMARY KEY (`PriorityID`),
  UNIQUE KEY `PriorityLevel` (`PriorityLevel`)
) ENGINE=InnoDB AUTO_INCREMENT=4 DEFAULT CHARSET=utf8mb4 COLLATE=utf8mb4_0900_ai_ci;
/*!40101 SET character_set_client = @saved_cs_client */;

--
-- Dumping data for table `itempriorities`
--

LOCK TABLES `itempriorities` WRITE;
/*!40000 ALTER TABLE `itempriorities` DISABLE KEYS */;
INSERT INTO `itempriorities` VALUES (1,'High'),(3,'Low'),(2,'Medium');
/*!40000 ALTER TABLE `itempriorities` ENABLE KEYS */;
UNLOCK TABLES;

--
-- Table structure for table `items`
--

DROP TABLE IF EXISTS `items`;
/*!40101 SET @saved_cs_client     = @@character_set_client */;
/*!50503 SET character_set_client = utf8mb4 */;
CREATE TABLE `items` (
  `ItemID` int NOT NULL AUTO_INCREMENT,
  `ItemName` varchar(100) NOT NULL,
  `Description` text,
  `UserID` int NOT NULL,
  `CategoryID` int NOT NULL,
  `ConditionID` int DEFAULT NULL,
  `PriorityID` int DEFAULT NULL,
  `LocationFoundOrLost` int DEFAULT NULL,
  `Status` enum('Lost','Found','Stolen','Recovered') NOT NULL,
  `DateReported` datetime DEFAULT CURRENT_TIMESTAMP,
  `ImageURL` text,
  PRIMARY KEY (`ItemID`),
  KEY `UserID` (`UserID`),
  KEY `CategoryID` (`CategoryID`),
  KEY `ConditionID` (`ConditionID`),
  KEY `PriorityID` (`PriorityID`),
  KEY `LocationFoundOrLost` (`LocationFoundOrLost`),
  CONSTRAINT `items_ibfk_1` FOREIGN KEY (`UserID`) REFERENCES `users` (`UserID`),
  CONSTRAINT `items_ibfk_2` FOREIGN KEY (`CategoryID`) REFERENCES `itemcategories` (`CategoryID`),
  CONSTRAINT `items_ibfk_3` FOREIGN KEY (`ConditionID`) REFERENCES `itemconditions` (`ConditionID`),
  CONSTRAINT `items_ibfk_4` FOREIGN KEY (`PriorityID`) REFERENCES `itempriorities` (`PriorityID`),
  CONSTRAINT `items_ibfk_5` FOREIGN KEY (`LocationFoundOrLost`) REFERENCES `locations` (`LocationID`)
) ENGINE=InnoDB AUTO_INCREMENT=804 DEFAULT CHARSET=utf8mb4 COLLATE=utf8mb4_0900_ai_ci;
/*!40101 SET character_set_client = @saved_cs_client */;

--
-- Dumping data for table `items`
--

LOCK TABLES `items` WRITE;
/*!40000 ALTER TABLE `items` DISABLE KEYS */;
INSERT INTO `items` VALUES (1,'Textbooks','Key with a blue keychain.',121,5,1,3,8,'Lost','2025-12-22 00:00:00',NULL),(2,'Driving License','Gold plated, engraved initials.',95,6,1,3,29,'Stolen','2025-12-08 00:00:00',NULL),(3,'MacBook Air','White color, dent on bumper.',91,5,2,3,31,'Lost','2024-10-16 00:00:00',NULL),(4,'Bicycle',' wearing a red collar.',145,2,3,3,47,'Lost','2024-06-08 00:00:00',NULL),(5,'Bicycle','Gold plated, engraved initials.',6,1,2,2,2,'Lost','2024-06-29 00:00:00',NULL),(6,'Backpack','White color, dent on bumper.',246,1,3,3,24,'Lost','2024-02-28 00:00:00',NULL),(7,'Sunglasses','White color, dent on bumper.',30,1,2,3,12,'Found','2025-09-03 00:00:00',NULL),(8,'Driving License','Grey color, laptop bag included.',236,6,4,1,42,'Lost','2025-07-16 00:00:00',NULL),(9,'Gold Ring','Grey color, laptop bag included.',191,4,4,3,13,'Lost','2025-04-25 00:00:00',NULL),(10,'Samsung Galaxy S21','Brown leather, contains ID cards.',299,8,2,2,22,'Found','2025-10-12 00:00:00',NULL),(11,'Labrador Dog','Lost near the park.',130,8,4,2,13,'Lost','2024-09-16 00:00:00',NULL),(12,'Leather Wallet','White color, dent on bumper.',164,1,3,1,27,'Stolen','2025-09-29 00:00:00',NULL),(13,'Textbooks','Brown leather, contains ID cards.',60,4,1,1,40,'Lost','2024-06-06 00:00:00',NULL),(14,'Gold Ring','Grey color, laptop bag included.',198,1,2,3,51,'Stolen','2025-05-26 00:00:00',NULL),(15,'Driving License',' wearing a red collar.',113,8,4,3,39,'Found','2024-02-10 00:00:00',NULL),(16,'Honda Civic','Valid till 2030.',52,8,5,3,45,'Found','2024-06-17 00:00:00',NULL),(17,'Sunglasses','Black color, slight scratch on screen.',262,3,1,3,32,'Lost','2024-05-26 00:00:00',NULL),(18,'Gold Ring','Grey color, laptop bag included.',19,3,2,3,7,'Lost','2024-06-22 00:00:00',NULL),(19,'Sunglasses','Found at the metro station.',92,1,2,3,20,'Lost','2024-02-24 00:00:00',NULL),(20,'Honda Civic','White color, dent on bumper.',290,3,4,2,50,'Lost','2025-12-06 00:00:00',NULL),(21,'Persian Cat','Key with a blue keychain.',247,1,5,3,17,'Found','2024-07-20 00:00:00',NULL),(22,'Gold Ring','Lost near the park.',71,1,5,2,53,'Found','2024-03-23 00:00:00',NULL),(23,'Samsung Galaxy S21','Key with a blue keychain.',99,6,1,3,8,'Lost','2025-04-19 00:00:00',NULL),(24,'Leather Wallet','Key with a blue keychain.',205,2,2,3,2,'Stolen','2025-08-17 00:00:00',NULL),(25,'MacBook Air','Brown leather, contains ID cards.',109,6,3,3,4,'Lost','2025-06-16 00:00:00',NULL),(26,'Debit Card','Brown leather, contains ID cards.',226,7,1,1,13,'Found','2025-10-02 00:00:00',NULL),(27,'Sunglasses','Lost near the park.',17,5,4,3,18,'Found','2024-04-02 00:00:00',NULL),(28,'Sunglasses','Grey color, laptop bag included.',171,4,4,2,11,'Found','2024-08-30 00:00:00',NULL),(29,'Labrador Dog',' wearing a red collar.',186,2,4,2,7,'Stolen','2024-12-07 00:00:00',NULL),(30,'iPhone 13 Pro','Gold plated, engraved initials.',31,7,3,1,40,'Lost','2025-10-12 00:00:00',NULL),(31,'Samsung Galaxy S21','Found at the metro station.',79,7,2,1,36,'Lost','2025-11-18 00:00:00',NULL),(32,'Motorbike',' wearing a red collar.',70,8,2,2,20,'Lost','2025-01-21 00:00:00',NULL),(33,'Leather Wallet','Gold plated, engraved initials.',72,5,4,1,42,'Lost','2025-04-13 00:00:00',NULL),(34,'Textbooks','Lost near the park.',126,7,3,2,2,'Found','2025-02-12 00:00:00',NULL),(35,'Sunglasses','Key with a blue keychain.',47,8,3,2,18,'Stolen','2024-02-17 00:00:00',NULL),(36,'MacBook Air','Valid till 2030.',114,7,1,1,2,'Lost','2024-08-23 00:00:00',NULL),(37,'Persian Cat','Black color, slight scratch on screen.',33,6,4,1,32,'Found','2024-11-15 00:00:00',NULL),(38,'Car Keys','White color, dent on bumper.',10,4,5,2,39,'Stolen','2025-11-06 00:00:00',NULL),(39,'Honda Civic','Black color, slight scratch on screen.',225,2,2,1,7,'Stolen','2024-10-08 00:00:00',NULL),(40,'Persian Cat','White color, dent on bumper.',115,7,4,2,43,'Found','2024-09-10 00:00:00',NULL),(41,'Passport','Gold plated, engraved initials.',44,7,3,3,19,'Found','2024-09-05 00:00:00',NULL),(42,'Honda Civic','Gold plated, engraved initials.',65,7,1,2,21,'Found','2025-03-23 00:00:00',NULL),(43,'Motorbike','Grey color, laptop bag included.',22,6,4,2,45,'Stolen','2024-05-30 00:00:00',NULL),(44,'Bicycle','Brown leather, contains ID cards.',24,1,3,2,20,'Found','2024-11-27 00:00:00',NULL),(45,'Persian Cat','Found at the metro station.',56,1,3,2,55,'Lost','2025-02-19 00:00:00',NULL),(46,'Samsung Galaxy S21','White color, dent on bumper.',158,7,3,1,10,'Found','2024-12-28 00:00:00',NULL),(47,'Samsung Galaxy S21','Key with a blue keychain.',70,8,3,2,19,'Lost','2025-01-09 00:00:00',NULL),(48,'Debit Card','Gold plated, engraved initials.',171,4,4,2,21,'Found','2024-09-25 00:00:00',NULL),(49,'Motorbike','White color, dent on bumper.',285,8,3,2,26,'Found','2025-10-29 00:00:00',NULL),(50,'Samsung Galaxy S21','Brown leather, contains ID cards.',242,4,3,2,18,'Found','2025-11-20 00:00:00',NULL),(51,'Honda Civic','Valid till 2030.',86,7,2,3,52,'Stolen','2024-10-18 00:00:00',NULL),(52,'Backpack','Valid till 2030.',214,5,1,3,43,'Stolen','2025-09-20 00:00:00',NULL),(53,'Samsung Galaxy S21','Grey color, laptop bag included.',288,7,4,2,34,'Found','2024-04-08 00:00:00',NULL),(54,'Dell XPS Laptop','Gold plated, engraved initials.',147,3,2,1,8,'Lost','2024-02-07 00:00:00',NULL),(55,'Passport','Lost near the park.',257,3,1,2,10,'Lost','2024-12-02 00:00:00',NULL),(56,'Wrist Watch','Valid till 2030.',1,4,4,2,1,'Stolen','2025-09-07 00:00:00',NULL),(57,'Motorbike','Found at the metro station.',114,2,4,3,34,'Stolen','2024-07-07 00:00:00',NULL),(58,'Dell XPS Laptop','Black color, slight scratch on screen.',209,6,4,3,40,'Lost','2024-11-30 00:00:00',NULL),(59,'Dell XPS Laptop','Lost near the park.',240,8,1,3,19,'Lost','2025-11-22 00:00:00',NULL),(60,'Motorbike','Grey color, laptop bag included.',278,3,3,3,13,'Found','2025-11-21 00:00:00',NULL),(61,'Driving License','Gold plated, engraved initials.',255,4,1,2,41,'Found','2024-06-22 00:00:00',NULL),(62,'Samsung Galaxy S21','Lost near the park.',163,2,5,2,15,'Stolen','2025-09-22 00:00:00',NULL),(63,'Sunglasses','White color, dent on bumper.',67,3,4,3,14,'Found','2025-06-28 00:00:00',NULL),(64,'Driving License','Brown leather, contains ID cards.',29,7,2,1,18,'Stolen','2024-05-13 00:00:00',NULL),(65,'Honda Civic','Valid till 2030.',83,3,3,1,42,'Stolen','2025-07-30 00:00:00',NULL),(66,'Passport','White color, dent on bumper.',239,8,5,3,15,'Stolen','2025-09-10 00:00:00',NULL),(67,'Sunglasses','Key with a blue keychain.',197,6,3,3,3,'Found','2025-11-16 00:00:00',NULL),(68,'Sunglasses','Lost near the park.',149,3,3,3,5,'Lost','2024-01-29 00:00:00',NULL),(69,'Persian Cat','Gold plated, engraved initials.',1,1,2,1,24,'Stolen','2024-02-01 00:00:00',NULL),(70,'Car Keys','White color, dent on bumper.',237,3,4,2,44,'Stolen','2024-09-17 00:00:00',NULL),(71,'Textbooks','Valid till 2030.',173,5,4,2,35,'Stolen','2025-08-04 00:00:00',NULL),(72,'Leather Wallet','Brown leather, contains ID cards.',205,8,4,2,5,'Stolen','2024-12-08 00:00:00',NULL),(73,'iPhone 13 Pro','White color, dent on bumper.',114,3,3,2,17,'Stolen','2025-08-18 00:00:00',NULL),(74,'Wrist Watch','Gold plated, engraved initials.',7,6,1,3,40,'Lost','2024-04-02 00:00:00',NULL),(75,'MacBook Air',' wearing a red collar.',222,1,3,1,8,'Stolen','2024-04-20 00:00:00',NULL),(76,'Dell XPS Laptop',' wearing a red collar.',66,8,4,2,33,'Stolen','2025-09-12 00:00:00',NULL),(77,'Debit Card','White color, dent on bumper.',221,7,5,2,51,'Found','2025-09-04 00:00:00',NULL),(78,'Honda Civic','Found at the metro station.',29,5,4,1,9,'Lost','2024-05-17 00:00:00',NULL),(79,'Passport','Grey color, laptop bag included.',227,2,4,1,31,'Found','2024-09-16 00:00:00',NULL),(80,'iPhone 13 Pro','Gold plated, engraved initials.',45,2,4,1,57,'Lost','2024-08-02 00:00:00',NULL),(81,'Backpack','Found at the metro station.',18,8,4,1,42,'Stolen','2025-02-26 00:00:00',NULL),(82,'Driving License','Gold plated, engraved initials.',120,5,4,1,7,'Lost','2024-11-26 00:00:00',NULL),(83,'Persian Cat','Found at the metro station.',21,5,3,2,44,'Lost','2025-02-15 00:00:00',NULL),(84,'iPhone 13 Pro','White color, dent on bumper.',286,4,4,2,10,'Stolen','2025-10-09 00:00:00',NULL),(85,'Dell XPS Laptop','Black color, slight scratch on screen.',277,1,4,2,43,'Stolen','2024-08-27 00:00:00',NULL),(86,'Passport',' wearing a red collar.',143,4,5,3,8,'Found','2024-09-16 00:00:00',NULL),(87,'Textbooks','Found at the metro station.',211,7,2,1,32,'Stolen','2025-07-31 00:00:00',NULL),(88,'Car Keys','Found at the metro station.',26,5,1,3,32,'Stolen','2025-08-22 00:00:00',NULL),(89,'Motorbike','Valid till 2030.',50,3,5,3,17,'Found','2025-12-06 00:00:00',NULL),(90,'Passport','Key with a blue keychain.',63,3,3,3,15,'Lost','2025-10-14 00:00:00',NULL),(91,'Textbooks','Lost near the park.',298,6,1,2,38,'Found','2024-11-20 00:00:00',NULL),(92,'Car Keys','Black color, slight scratch on screen.',127,7,1,3,20,'Stolen','2024-03-27 00:00:00',NULL),(93,'Gold Ring','White color, dent on bumper.',282,7,2,1,4,'Found','2025-01-22 00:00:00',NULL),(94,'Bicycle','Grey color, laptop bag included.',182,7,2,2,49,'Found','2024-08-13 00:00:00',NULL),(95,'Driving License','Grey color, laptop bag included.',241,1,5,3,54,'Stolen','2025-03-27 00:00:00',NULL),(96,'Labrador Dog','Lost near the park.',216,2,2,3,48,'Lost','2024-04-13 00:00:00',NULL),(97,'MacBook Air',' wearing a red collar.',200,8,2,1,12,'Found','2025-04-08 00:00:00',NULL),(98,'Honda Civic','Found at the metro station.',55,2,1,1,48,'Stolen','2025-03-24 00:00:00',NULL),(99,'Car Keys','Key with a blue keychain.',249,2,4,1,21,'Lost','2025-02-05 00:00:00',NULL),(100,'Car Keys',' wearing a red collar.',166,1,1,3,24,'Lost','2025-10-18 00:00:00',NULL),(101,'Gold Ring','Black color, slight scratch on screen.',221,8,1,2,6,'Found','2024-03-18 00:00:00',NULL),(102,'Sunglasses','Found at the metro station.',278,2,4,3,32,'Stolen','2025-06-30 00:00:00',NULL),(103,'Debit Card',' wearing a red collar.',52,5,5,2,56,'Found','2024-02-12 00:00:00',NULL),(104,'Leather Wallet',' wearing a red collar.',185,8,4,1,29,'Found','2024-03-15 00:00:00',NULL),(105,'iPhone 13 Pro','Brown leather, contains ID cards.',247,7,1,1,19,'Stolen','2025-09-15 00:00:00',NULL),(106,'Dell XPS Laptop','Brown leather, contains ID cards.',48,5,4,3,21,'Lost','2024-12-03 00:00:00',NULL),(107,'Persian Cat','Found at the metro station.',106,8,1,1,9,'Lost','2025-10-31 00:00:00',NULL),(108,'Motorbike','Valid till 2030.',120,2,3,1,3,'Stolen','2024-04-28 00:00:00',NULL),(109,'MacBook Air','Lost near the park.',29,6,4,2,19,'Stolen','2025-08-20 00:00:00',NULL),(110,'MacBook Air','Brown leather, contains ID cards.',86,7,4,2,37,'Lost','2024-03-30 00:00:00',NULL),(111,'Car Keys','Brown leather, contains ID cards.',99,7,4,3,52,'Stolen','2024-03-29 00:00:00',NULL),(112,'Motorbike','White color, dent on bumper.',15,5,5,3,8,'Lost','2024-12-01 00:00:00',NULL),(113,'Gold Ring','Brown leather, contains ID cards.',89,7,1,1,46,'Stolen','2025-12-11 00:00:00',NULL),(114,'Honda Civic','Found at the metro station.',103,4,5,3,12,'Found','2025-11-05 00:00:00',NULL),(115,'Passport','Brown leather, contains ID cards.',51,8,3,1,50,'Lost','2025-10-27 00:00:00',NULL),(116,'Bicycle','White color, dent on bumper.',222,4,5,3,55,'Lost','2025-04-06 00:00:00',NULL),(117,'MacBook Air',' wearing a red collar.',175,2,1,2,32,'Lost','2025-08-30 00:00:00',NULL),(118,'Samsung Galaxy S21',' wearing a red collar.',52,8,5,1,24,'Lost','2024-09-12 00:00:00',NULL),(119,'Driving License','Found at the metro station.',218,7,4,2,20,'Stolen','2024-11-22 00:00:00',NULL),(120,'Dell XPS Laptop','Found at the metro station.',284,3,1,2,54,'Stolen','2024-05-18 00:00:00',NULL),(121,'Sunglasses','Valid till 2030.',13,5,2,3,13,'Lost','2025-01-13 00:00:00',NULL),(122,'Labrador Dog','Gold plated, engraved initials.',10,8,5,1,5,'Found','2025-03-22 00:00:00',NULL),(123,'Dell XPS Laptop','Key with a blue keychain.',127,7,5,1,7,'Lost','2024-10-19 00:00:00',NULL),(124,'Car Keys','Valid till 2030.',78,5,1,1,42,'Stolen','2024-07-20 00:00:00',NULL),(125,'Driving License','Lost near the park.',132,6,2,2,30,'Stolen','2024-05-23 00:00:00',NULL),(126,'Motorbike','Lost near the park.',158,7,5,3,53,'Stolen','2024-07-16 00:00:00',NULL),(127,'Gold Ring',' wearing a red collar.',48,8,3,1,35,'Found','2025-02-15 00:00:00',NULL),(128,'Dell XPS Laptop','Grey color, laptop bag included.',150,8,1,1,13,'Stolen','2025-10-06 00:00:00',NULL),(129,'Passport','Grey color, laptop bag included.',204,6,4,1,8,'Found','2024-05-15 00:00:00',NULL),(130,'Car Keys','Grey color, laptop bag included.',227,5,5,3,19,'Stolen','2025-12-18 00:00:00',NULL),(131,'Sunglasses','Valid till 2030.',176,2,2,1,43,'Found','2024-06-24 00:00:00',NULL),(132,'iPhone 13 Pro','Key with a blue keychain.',148,7,4,2,19,'Stolen','2025-10-29 00:00:00',NULL),(133,'Car Keys','White color, dent on bumper.',44,6,5,3,44,'Lost','2025-12-14 00:00:00',NULL),(134,'iPhone 13 Pro','Lost near the park.',293,4,3,3,19,'Found','2025-05-18 00:00:00',NULL),(135,'Passport','Found at the metro station.',235,2,1,2,28,'Stolen','2025-04-26 00:00:00',NULL),(136,'Textbooks','Found at the metro station.',168,4,5,2,5,'Lost','2024-01-16 00:00:00',NULL),(137,'MacBook Air','Key with a blue keychain.',298,7,4,3,4,'Stolen','2025-08-29 00:00:00',NULL),(138,'Bicycle','Found at the metro station.',16,2,1,2,11,'Found','2024-02-10 00:00:00',NULL),(139,'Passport','Grey color, laptop bag included.',131,5,1,1,35,'Stolen','2025-09-20 00:00:00',NULL),(140,'Persian Cat','Gold plated, engraved initials.',13,1,3,3,12,'Lost','2024-11-12 00:00:00',NULL),(141,'Samsung Galaxy S21',' wearing a red collar.',187,4,5,2,42,'Found','2024-06-26 00:00:00',NULL),(142,'Backpack','White color, dent on bumper.',25,7,5,1,27,'Stolen','2025-08-22 00:00:00',NULL),(143,'Leather Wallet','Black color, slight scratch on screen.',113,5,2,1,25,'Found','2024-10-05 00:00:00',NULL),(144,'Debit Card','Found at the metro station.',33,4,4,2,22,'Found','2025-02-16 00:00:00',NULL),(145,'Honda Civic',' wearing a red collar.',192,1,2,2,37,'Stolen','2024-07-01 00:00:00',NULL),(146,'Car Keys','Lost near the park.',285,8,4,1,29,'Stolen','2024-05-04 00:00:00',NULL),(147,'Samsung Galaxy S21','Valid till 2030.',101,7,4,1,54,'Lost','2024-09-28 00:00:00',NULL),(148,'Textbooks','Lost near the park.',263,2,5,2,42,'Found','2024-04-14 00:00:00',NULL),(149,'Samsung Galaxy S21','Grey color, laptop bag included.',66,8,4,2,11,'Lost','2025-01-24 00:00:00',NULL),(150,'Leather Wallet','Key with a blue keychain.',203,5,4,2,33,'Stolen','2025-10-13 00:00:00',NULL),(151,'Sunglasses','White color, dent on bumper.',36,1,5,3,45,'Lost','2024-04-23 00:00:00',NULL),(152,'Textbooks','White color, dent on bumper.',6,4,3,2,16,'Stolen','2025-10-23 00:00:00',NULL),(153,'Wrist Watch','Grey color, laptop bag included.',64,2,4,1,3,'Found','2025-12-02 00:00:00',NULL),(154,'MacBook Air','Grey color, laptop bag included.',165,1,4,2,53,'Found','2024-01-19 00:00:00',NULL),(155,'MacBook Air','Grey color, laptop bag included.',89,4,5,1,4,'Lost','2024-12-24 00:00:00',NULL),(156,'Bicycle','White color, dent on bumper.',7,8,2,1,46,'Stolen','2025-08-29 00:00:00',NULL),(157,'Leather Wallet','Gold plated, engraved initials.',94,6,1,1,57,'Stolen','2024-06-03 00:00:00',NULL),(158,'Passport','Gold plated, engraved initials.',246,2,1,1,10,'Lost','2024-02-24 00:00:00',NULL),(159,'Honda Civic','Brown leather, contains ID cards.',295,6,5,2,56,'Found','2025-04-16 00:00:00',NULL),(160,'MacBook Air','Key with a blue keychain.',38,8,1,3,44,'Lost','2024-11-03 00:00:00',NULL),(161,'Wrist Watch','Gold plated, engraved initials.',85,1,4,2,17,'Found','2024-02-01 00:00:00',NULL),(162,'Driving License','Brown leather, contains ID cards.',126,8,5,3,14,'Found','2025-10-25 00:00:00',NULL),(163,'Passport','Grey color, laptop bag included.',91,5,1,1,52,'Found','2024-07-24 00:00:00',NULL),(164,'Gold Ring','Found at the metro station.',134,2,1,3,51,'Stolen','2025-06-02 00:00:00',NULL),(165,'Backpack','Lost near the park.',36,1,4,2,1,'Lost','2025-06-05 00:00:00',NULL),(166,'Honda Civic','Black color, slight scratch on screen.',29,3,3,3,50,'Found','2025-02-11 00:00:00',NULL),(167,'Dell XPS Laptop',' wearing a red collar.',130,5,1,2,50,'Stolen','2024-07-02 00:00:00',NULL),(168,'Passport','White color, dent on bumper.',213,3,1,2,37,'Lost','2025-07-22 00:00:00',NULL),(169,'Labrador Dog','Grey color, laptop bag included.',211,8,4,3,19,'Lost','2024-08-07 00:00:00',NULL),(170,'Leather Wallet',' wearing a red collar.',218,7,1,2,19,'Lost','2024-12-06 00:00:00',NULL),(171,'Debit Card','Found at the metro station.',40,3,5,2,8,'Found','2025-05-18 00:00:00',NULL),(172,'Wrist Watch','White color, dent on bumper.',156,1,5,3,28,'Lost','2024-05-01 00:00:00',NULL),(173,'Gold Ring','Black color, slight scratch on screen.',40,1,5,3,57,'Lost','2024-09-30 00:00:00',NULL),(174,'Sunglasses','Found at the metro station.',74,8,3,2,18,'Stolen','2024-07-09 00:00:00',NULL),(175,'Driving License','Grey color, laptop bag included.',140,4,4,2,51,'Found','2025-08-01 00:00:00',NULL),(176,'Leather Wallet','Lost near the park.',159,6,4,1,32,'Lost','2024-08-31 00:00:00',NULL),(177,'Labrador Dog','Valid till 2030.',170,5,2,1,33,'Found','2025-05-27 00:00:00',NULL),(178,'iPhone 13 Pro','Gold plated, engraved initials.',37,8,2,2,33,'Lost','2024-05-06 00:00:00',NULL),(179,'Gold Ring','White color, dent on bumper.',235,1,5,3,9,'Stolen','2024-03-20 00:00:00',NULL),(180,'Persian Cat','Valid till 2030.',163,8,5,1,14,'Stolen','2024-08-04 00:00:00',NULL),(181,'Motorbike','Gold plated, engraved initials.',230,7,2,1,30,'Found','2025-09-29 00:00:00',NULL),(182,'Honda Civic',' wearing a red collar.',285,3,5,3,8,'Found','2025-05-06 00:00:00',NULL),(183,'Textbooks',' wearing a red collar.',290,2,1,2,39,'Found','2024-08-28 00:00:00',NULL),(184,'Samsung Galaxy S21',' wearing a red collar.',286,8,1,1,20,'Found','2024-08-18 00:00:00',NULL),(185,'Labrador Dog','Black color, slight scratch on screen.',31,2,2,1,50,'Stolen','2024-03-13 00:00:00',NULL),(186,'Gold Ring','Black color, slight scratch on screen.',179,6,3,2,7,'Lost','2025-10-29 00:00:00',NULL),(187,'Passport','Key with a blue keychain.',95,4,1,3,13,'Stolen','2024-04-16 00:00:00',NULL),(188,'Backpack','Black color, slight scratch on screen.',51,5,4,1,53,'Lost','2025-05-27 00:00:00',NULL),(189,'Labrador Dog','Brown leather, contains ID cards.',190,8,5,3,54,'Stolen','2025-01-25 00:00:00',NULL),(190,'Debit Card','Key with a blue keychain.',177,4,2,2,47,'Lost','2025-11-08 00:00:00',NULL),(191,'Labrador Dog','Lost near the park.',29,4,1,3,45,'Stolen','2025-05-13 00:00:00',NULL),(192,'Motorbike','Key with a blue keychain.',15,4,4,1,20,'Lost','2024-07-01 00:00:00',NULL),(193,'Motorbike','Key with a blue keychain.',236,8,5,2,25,'Lost','2024-07-19 00:00:00',NULL),(194,'MacBook Air','Valid till 2030.',158,1,1,2,17,'Lost','2024-02-08 00:00:00',NULL),(195,'Dell XPS Laptop','Key with a blue keychain.',84,7,3,1,56,'Found','2025-03-30 00:00:00',NULL),(196,'Car Keys','Black color, slight scratch on screen.',282,8,3,2,6,'Lost','2024-06-26 00:00:00',NULL),(197,'Bicycle','Brown leather, contains ID cards.',192,3,3,3,55,'Stolen','2024-10-19 00:00:00',NULL),(198,'Bicycle','Found at the metro station.',101,5,3,1,30,'Found','2024-01-28 00:00:00',NULL),(199,'Backpack','Key with a blue keychain.',16,4,3,2,29,'Found','2025-06-26 00:00:00',NULL),(200,'iPhone 13 Pro','Gold plated, engraved initials.',140,3,1,3,36,'Stolen','2024-06-13 00:00:00',NULL),(201,'Wrist Watch','Black color, slight scratch on screen.',136,1,3,2,14,'Stolen','2025-12-08 00:00:00',NULL),(202,'Wrist Watch',' wearing a red collar.',19,4,3,2,10,'Found','2025-09-28 00:00:00',NULL),(203,'Labrador Dog','White color, dent on bumper.',10,4,1,2,19,'Found','2025-01-09 00:00:00',NULL),(204,'Driving License','Black color, slight scratch on screen.',288,3,2,3,1,'Stolen','2024-10-08 00:00:00',NULL),(205,'Gold Ring','Lost near the park.',72,5,3,1,6,'Found','2025-02-25 00:00:00',NULL),(206,'Dell XPS Laptop','Brown leather, contains ID cards.',35,8,1,1,30,'Stolen','2025-06-04 00:00:00',NULL),(207,'Textbooks',' wearing a red collar.',173,6,2,2,37,'Found','2024-09-22 00:00:00',NULL),(208,'Samsung Galaxy S21','Grey color, laptop bag included.',12,6,5,1,47,'Lost','2024-10-18 00:00:00',NULL),(209,'Leather Wallet','Brown leather, contains ID cards.',192,1,5,1,47,'Found','2024-09-16 00:00:00',NULL),(210,'Driving License','Grey color, laptop bag included.',223,7,3,1,23,'Found','2025-04-24 00:00:00',NULL),(211,'Wrist Watch','Lost near the park.',49,2,2,2,19,'Lost','2025-01-04 00:00:00',NULL),(212,'Motorbike','Black color, slight scratch on screen.',67,2,3,2,41,'Stolen','2024-08-03 00:00:00',NULL),(213,'Dell XPS Laptop','Black color, slight scratch on screen.',184,2,1,2,17,'Lost','2025-09-24 00:00:00',NULL),(214,'Car Keys','Found at the metro station.',278,4,4,1,34,'Stolen','2024-01-26 00:00:00',NULL),(215,'Samsung Galaxy S21','White color, dent on bumper.',195,2,4,3,28,'Stolen','2025-12-16 00:00:00',NULL),(216,'Bicycle',' wearing a red collar.',22,8,2,1,18,'Found','2024-01-19 00:00:00',NULL),(217,'Backpack','White color, dent on bumper.',27,6,3,1,12,'Stolen','2025-08-08 00:00:00',NULL),(218,'Sunglasses','Grey color, laptop bag included.',174,1,5,3,34,'Stolen','2024-09-04 00:00:00',NULL),(219,'Backpack','Grey color, laptop bag included.',240,2,5,3,52,'Stolen','2024-07-12 00:00:00',NULL),(220,'Gold Ring','Black color, slight scratch on screen.',151,5,3,3,2,'Lost','2025-03-31 00:00:00',NULL),(221,'iPhone 13 Pro','Grey color, laptop bag included.',91,1,2,3,17,'Stolen','2025-05-05 00:00:00',NULL),(222,'Bicycle','Found at the metro station.',31,7,4,1,17,'Lost','2025-12-07 00:00:00',NULL),(223,'Sunglasses','Grey color, laptop bag included.',131,7,4,1,53,'Stolen','2025-10-30 00:00:00',NULL),(224,'Bicycle','Key with a blue keychain.',280,7,3,2,9,'Lost','2024-05-08 00:00:00',NULL),(225,'Passport','Valid till 2030.',26,6,2,1,3,'Lost','2024-08-11 00:00:00',NULL),(226,'Passport','Brown leather, contains ID cards.',35,1,1,2,43,'Stolen','2024-01-26 00:00:00',NULL),(227,'Passport','Grey color, laptop bag included.',285,2,2,3,9,'Lost','2025-09-29 00:00:00',NULL),(228,'Leather Wallet','Gold plated, engraved initials.',45,7,2,1,38,'Stolen','2024-10-28 00:00:00',NULL),(229,'Debit Card','Key with a blue keychain.',35,4,5,1,22,'Stolen','2025-03-29 00:00:00',NULL),(230,'Gold Ring','Valid till 2030.',16,4,1,2,50,'Stolen','2025-10-11 00:00:00',NULL),(231,'Motorbike','Found at the metro station.',48,6,2,1,12,'Stolen','2025-09-06 00:00:00',NULL),(232,'Debit Card',' wearing a red collar.',299,2,1,1,53,'Lost','2024-07-10 00:00:00',NULL),(233,'Passport','Key with a blue keychain.',144,2,3,1,15,'Found','2024-03-27 00:00:00',NULL),(234,'Textbooks','White color, dent on bumper.',258,1,2,2,1,'Lost','2025-08-25 00:00:00',NULL),(235,'Leather Wallet','Black color, slight scratch on screen.',71,2,3,3,40,'Stolen','2024-10-08 00:00:00',NULL),(236,'Debit Card','Grey color, laptop bag included.',93,7,5,2,39,'Lost','2024-10-15 00:00:00',NULL),(237,'Persian Cat','Black color, slight scratch on screen.',145,6,2,1,44,'Lost','2024-07-27 00:00:00',NULL),(238,'Textbooks','Gold plated, engraved initials.',154,5,2,3,27,'Found','2024-01-18 00:00:00',NULL),(239,'Car Keys',' wearing a red collar.',284,4,1,2,11,'Found','2025-05-29 00:00:00',NULL),(240,'Passport','Grey color, laptop bag included.',265,5,5,3,54,'Found','2024-12-05 00:00:00',NULL),(241,'Honda Civic','Black color, slight scratch on screen.',290,4,2,3,2,'Stolen','2024-07-23 00:00:00',NULL),(242,'Honda Civic','Key with a blue keychain.',119,7,1,2,53,'Stolen','2025-06-29 00:00:00',NULL),(243,'Car Keys','Found at the metro station.',55,8,4,1,56,'Stolen','2025-05-07 00:00:00',NULL),(244,'Samsung Galaxy S21',' wearing a red collar.',53,4,4,1,13,'Stolen','2025-06-21 00:00:00',NULL),(245,'Labrador Dog','Key with a blue keychain.',178,8,2,1,54,'Stolen','2025-10-01 00:00:00',NULL),(246,'Driving License','Grey color, laptop bag included.',257,2,1,1,32,'Lost','2025-12-31 00:00:00',NULL),(247,'Passport','Black color, slight scratch on screen.',207,3,1,2,49,'Stolen','2024-01-05 00:00:00',NULL),(248,'Leather Wallet',' wearing a red collar.',227,1,5,1,31,'Found','2024-12-29 00:00:00',NULL),(249,'Sunglasses','Key with a blue keychain.',5,7,5,2,49,'Stolen','2025-04-27 00:00:00',NULL),(250,'Samsung Galaxy S21','Brown leather, contains ID cards.',289,8,5,2,50,'Stolen','2024-06-21 00:00:00',NULL),(251,'Gold Ring','Found at the metro station.',214,1,5,1,12,'Lost','2025-04-19 00:00:00',NULL),(252,'Samsung Galaxy S21','White color, dent on bumper.',139,1,1,3,11,'Found','2024-01-12 00:00:00',NULL),(253,'Motorbike','Grey color, laptop bag included.',112,1,4,2,46,'Stolen','2024-07-12 00:00:00',NULL),(254,'Leather Wallet','Found at the metro station.',134,8,2,1,41,'Found','2025-10-15 00:00:00',NULL),(255,'Motorbike','Key with a blue keychain.',75,3,1,2,19,'Lost','2025-12-04 00:00:00',NULL),(256,'Sunglasses',' wearing a red collar.',250,5,5,1,43,'Lost','2024-09-06 00:00:00',NULL),(257,'Dell XPS Laptop','Key with a blue keychain.',227,6,3,1,39,'Stolen','2025-07-05 00:00:00',NULL),(258,'iPhone 13 Pro','Grey color, laptop bag included.',61,2,1,3,9,'Lost','2024-05-16 00:00:00',NULL),(259,'Samsung Galaxy S21','Lost near the park.',185,6,2,1,29,'Lost','2025-06-14 00:00:00',NULL),(260,'Sunglasses','Key with a blue keychain.',178,7,2,2,38,'Found','2025-04-21 00:00:00',NULL),(261,'Wrist Watch','Gold plated, engraved initials.',300,4,5,1,43,'Stolen','2025-02-22 00:00:00',NULL),(262,'Textbooks','White color, dent on bumper.',13,7,4,3,17,'Stolen','2025-01-18 00:00:00',NULL),(263,'Honda Civic',' wearing a red collar.',212,5,2,3,12,'Found','2024-03-26 00:00:00',NULL),(264,'Dell XPS Laptop','Key with a blue keychain.',53,6,3,2,57,'Found','2024-04-08 00:00:00',NULL),(265,'Motorbike','Lost near the park.',224,1,1,2,23,'Lost','2024-12-09 00:00:00',NULL),(266,'Gold Ring','Key with a blue keychain.',42,5,3,3,55,'Lost','2024-05-15 00:00:00',NULL),(267,'Samsung Galaxy S21','Valid till 2030.',166,8,2,2,26,'Found','2025-03-09 00:00:00',NULL),(268,'MacBook Air','Key with a blue keychain.',240,6,3,1,57,'Found','2025-09-15 00:00:00',NULL),(269,'Dell XPS Laptop','Brown leather, contains ID cards.',252,6,3,2,28,'Lost','2025-01-16 00:00:00',NULL),(270,'Samsung Galaxy S21','Grey color, laptop bag included.',27,4,1,1,12,'Lost','2024-08-19 00:00:00',NULL),(271,'Honda Civic','Valid till 2030.',147,5,1,2,55,'Lost','2024-08-02 00:00:00',NULL),(272,'Car Keys','Gold plated, engraved initials.',55,8,3,1,3,'Stolen','2025-08-23 00:00:00',NULL),(273,'Car Keys','Black color, slight scratch on screen.',201,7,5,2,37,'Lost','2024-07-13 00:00:00',NULL),(274,'Passport','Key with a blue keychain.',39,4,4,1,3,'Found','2025-01-12 00:00:00',NULL),(275,'iPhone 13 Pro','White color, dent on bumper.',66,6,5,1,22,'Stolen','2024-02-17 00:00:00',NULL),(276,'Samsung Galaxy S21','Found at the metro station.',160,7,1,2,50,'Found','2024-01-08 00:00:00',NULL),(277,'MacBook Air','Gold plated, engraved initials.',250,1,1,1,12,'Lost','2025-12-31 00:00:00',NULL),(278,'Motorbike','Brown leather, contains ID cards.',191,5,3,1,2,'Stolen','2024-07-14 00:00:00',NULL),(279,'Bicycle',' wearing a red collar.',211,8,5,1,30,'Stolen','2025-10-17 00:00:00',NULL),(280,'iPhone 13 Pro',' wearing a red collar.',143,6,1,3,52,'Stolen','2025-01-13 00:00:00',NULL),(281,'Persian Cat','Valid till 2030.',184,4,3,1,17,'Stolen','2024-10-05 00:00:00',NULL),(282,'Sunglasses','White color, dent on bumper.',51,2,4,1,21,'Found','2024-11-14 00:00:00',NULL),(283,'Debit Card','Lost near the park.',122,7,3,2,23,'Found','2025-11-14 00:00:00',NULL),(284,'iPhone 13 Pro','Valid till 2030.',215,8,4,2,2,'Stolen','2024-08-13 00:00:00',NULL),(285,'Motorbike','Lost near the park.',238,6,4,3,30,'Found','2025-09-10 00:00:00',NULL),(286,'Labrador Dog','Valid till 2030.',168,7,4,2,13,'Found','2024-05-02 00:00:00',NULL),(287,'Leather Wallet','Found at the metro station.',280,4,5,1,46,'Found','2025-04-01 00:00:00',NULL),(288,'Bicycle','Brown leather, contains ID cards.',204,5,4,3,52,'Stolen','2024-09-16 00:00:00',NULL),(289,'Textbooks','Valid till 2030.',198,3,3,1,42,'Found','2024-08-02 00:00:00',NULL),(290,'Sunglasses','Black color, slight scratch on screen.',56,8,3,3,38,'Stolen','2025-05-13 00:00:00',NULL),(291,'Passport',' wearing a red collar.',271,4,2,1,19,'Found','2025-08-10 00:00:00',NULL),(292,'Motorbike','Found at the metro station.',62,2,2,1,45,'Stolen','2025-06-14 00:00:00',NULL),(293,'Motorbike','Grey color, laptop bag included.',288,1,4,2,8,'Found','2024-06-10 00:00:00',NULL),(294,'Leather Wallet','Grey color, laptop bag included.',191,7,3,3,22,'Lost','2025-08-07 00:00:00',NULL),(295,'Labrador Dog','Grey color, laptop bag included.',156,5,2,2,41,'Lost','2024-01-03 00:00:00',NULL),(296,'Bicycle','White color, dent on bumper.',114,7,4,1,8,'Found','2025-04-15 00:00:00',NULL),(297,'Driving License','Valid till 2030.',178,7,5,1,19,'Lost','2025-11-03 00:00:00',NULL),(298,'Driving License','Brown leather, contains ID cards.',56,1,4,1,27,'Stolen','2025-12-09 00:00:00',NULL),(299,'Passport','Valid till 2030.',129,8,2,3,42,'Lost','2025-09-13 00:00:00',NULL),(300,'Driving License','Gold plated, engraved initials.',113,1,2,1,29,'Lost','2025-09-26 00:00:00',NULL),(301,'Motorbike','Valid till 2030.',132,8,2,3,26,'Stolen','2025-06-13 00:00:00',NULL),(302,'Samsung Galaxy S21','Key with a blue keychain.',38,7,5,3,48,'Stolen','2025-08-20 00:00:00',NULL),(303,'iPhone 13 Pro','Black color, slight scratch on screen.',117,1,2,3,53,'Lost','2024-08-09 00:00:00',NULL),(304,'Textbooks','Brown leather, contains ID cards.',111,6,3,3,49,'Stolen','2024-02-24 00:00:00',NULL),(305,'MacBook Air','White color, dent on bumper.',216,7,5,3,6,'Stolen','2024-02-09 00:00:00',NULL),(306,'Motorbike',' wearing a red collar.',95,3,2,3,8,'Lost','2025-06-29 00:00:00',NULL),(307,'Wrist Watch','Grey color, laptop bag included.',265,1,2,1,6,'Stolen','2025-02-13 00:00:00',NULL),(308,'Backpack','Black color, slight scratch on screen.',231,8,3,1,10,'Found','2025-01-26 00:00:00',NULL),(309,'Backpack','White color, dent on bumper.',65,4,3,1,22,'Found','2025-05-04 00:00:00',NULL),(310,'Bicycle','Grey color, laptop bag included.',168,2,5,2,2,'Lost','2025-02-05 00:00:00',NULL),(311,'Labrador Dog','Key with a blue keychain.',108,6,5,2,55,'Found','2025-04-22 00:00:00',NULL),(312,'Leather Wallet','Gold plated, engraved initials.',51,3,2,2,55,'Stolen','2024-05-30 00:00:00',NULL),(313,'Textbooks','Gold plated, engraved initials.',284,8,4,1,8,'Lost','2024-08-20 00:00:00',NULL),(314,'Samsung Galaxy S21','Gold plated, engraved initials.',82,2,4,2,24,'Lost','2024-01-28 00:00:00',NULL),(315,'Bicycle','Lost near the park.',39,1,4,1,37,'Found','2025-06-27 00:00:00',NULL),(316,'Leather Wallet','Black color, slight scratch on screen.',106,1,3,1,12,'Stolen','2024-08-20 00:00:00',NULL),(317,'Leather Wallet','Lost near the park.',257,5,5,3,2,'Lost','2025-12-10 00:00:00',NULL),(318,'Wrist Watch','Brown leather, contains ID cards.',231,5,3,1,22,'Stolen','2024-04-11 00:00:00',NULL),(319,'Labrador Dog','Lost near the park.',292,5,4,1,18,'Found','2025-10-10 00:00:00',NULL),(320,'Car Keys','Key with a blue keychain.',241,2,5,1,34,'Lost','2024-03-17 00:00:00',NULL),(321,'Motorbike','Valid till 2030.',255,3,4,2,16,'Found','2025-03-31 00:00:00',NULL),(322,'Car Keys','Black color, slight scratch on screen.',29,4,1,2,38,'Lost','2024-05-05 00:00:00',NULL),(323,'Sunglasses','Lost near the park.',243,5,5,3,48,'Found','2024-04-02 00:00:00',NULL),(324,'Persian Cat','Key with a blue keychain.',54,5,5,1,5,'Stolen','2025-12-27 00:00:00',NULL),(325,'Leather Wallet','Gold plated, engraved initials.',97,6,5,1,2,'Found','2024-01-31 00:00:00',NULL),(326,'Gold Ring','White color, dent on bumper.',241,8,5,2,49,'Stolen','2025-12-13 00:00:00',NULL),(327,'Car Keys','Key with a blue keychain.',174,5,4,3,1,'Found','2025-04-29 00:00:00',NULL),(328,'Persian Cat',' wearing a red collar.',7,5,5,2,36,'Stolen','2024-01-04 00:00:00',NULL),(329,'Passport','Valid till 2030.',194,2,4,3,19,'Lost','2025-10-09 00:00:00',NULL),(330,'Backpack','White color, dent on bumper.',165,8,2,3,31,'Stolen','2024-06-26 00:00:00',NULL),(331,'MacBook Air','Brown leather, contains ID cards.',36,1,1,2,22,'Lost','2025-05-22 00:00:00',NULL),(332,'MacBook Air','Brown leather, contains ID cards.',265,5,5,3,45,'Lost','2025-08-23 00:00:00',NULL),(333,'Passport','Key with a blue keychain.',100,2,4,1,40,'Lost','2024-09-25 00:00:00',NULL),(334,'MacBook Air','White color, dent on bumper.',151,7,2,3,40,'Found','2024-12-29 00:00:00',NULL),(335,'Labrador Dog',' wearing a red collar.',276,6,3,1,3,'Stolen','2025-07-23 00:00:00',NULL),(336,'Labrador Dog','Key with a blue keychain.',214,4,2,3,35,'Lost','2024-07-14 00:00:00',NULL),(337,'Passport','Gold plated, engraved initials.',82,6,4,2,36,'Stolen','2025-04-27 00:00:00',NULL),(338,'Debit Card','Key with a blue keychain.',50,8,3,1,57,'Found','2025-03-25 00:00:00',NULL),(339,'Bicycle','Key with a blue keychain.',274,5,5,2,48,'Found','2024-05-24 00:00:00',NULL),(340,'Sunglasses',' wearing a red collar.',257,2,3,3,19,'Stolen','2025-12-29 00:00:00',NULL),(341,'Persian Cat','Key with a blue keychain.',291,3,4,3,33,'Lost','2025-11-07 00:00:00',NULL),(342,'Dell XPS Laptop','Key with a blue keychain.',274,7,2,1,49,'Lost','2024-09-03 00:00:00',NULL),(343,'MacBook Air','Key with a blue keychain.',283,1,2,3,25,'Lost','2025-12-07 00:00:00',NULL),(344,'Motorbike','Brown leather, contains ID cards.',120,4,2,2,1,'Stolen','2024-06-07 00:00:00',NULL),(345,'Motorbike','Black color, slight scratch on screen.',131,5,4,3,11,'Lost','2024-01-18 00:00:00',NULL),(346,'Samsung Galaxy S21','Found at the metro station.',39,7,2,2,35,'Found','2024-10-28 00:00:00',NULL),(347,'iPhone 13 Pro','Gold plated, engraved initials.',89,5,2,1,17,'Stolen','2024-08-22 00:00:00',NULL),(348,'Bicycle','Key with a blue keychain.',250,3,3,3,39,'Stolen','2025-08-25 00:00:00',NULL),(349,'Wrist Watch','Lost near the park.',151,4,4,1,13,'Lost','2025-10-13 00:00:00',NULL),(350,'Leather Wallet','Black color, slight scratch on screen.',80,1,5,1,28,'Found','2024-06-28 00:00:00',NULL),(351,'Driving License','Lost near the park.',297,1,2,2,46,'Stolen','2024-11-17 00:00:00',NULL),(352,'Dell XPS Laptop','Black color, slight scratch on screen.',59,1,2,1,10,'Stolen','2025-04-19 00:00:00',NULL),(353,'Motorbike','Black color, slight scratch on screen.',166,4,5,2,7,'Stolen','2025-06-15 00:00:00',NULL),(354,'Persian Cat','Grey color, laptop bag included.',130,3,5,1,14,'Found','2024-11-27 00:00:00',NULL),(355,'Bicycle','Found at the metro station.',91,1,5,2,39,'Stolen','2024-12-14 00:00:00',NULL),(356,'Gold Ring','Gold plated, engraved initials.',211,1,1,3,36,'Lost','2024-08-08 00:00:00',NULL),(357,'Backpack','White color, dent on bumper.',47,6,3,2,10,'Lost','2024-07-23 00:00:00',NULL),(358,'Debit Card','Gold plated, engraved initials.',221,5,2,2,32,'Found','2025-04-16 00:00:00',NULL),(359,'Honda Civic',' wearing a red collar.',92,2,2,2,50,'Lost','2025-03-04 00:00:00',NULL),(360,'Passport','Valid till 2030.',29,1,5,3,47,'Found','2024-07-12 00:00:00',NULL),(361,'Car Keys','Grey color, laptop bag included.',177,5,4,3,56,'Stolen','2024-06-18 00:00:00',NULL),(362,'MacBook Air','Lost near the park.',67,6,5,1,7,'Stolen','2024-12-31 00:00:00',NULL),(363,'Bicycle','Black color, slight scratch on screen.',269,5,2,2,54,'Stolen','2024-07-09 00:00:00',NULL),(364,'Car Keys','Grey color, laptop bag included.',281,7,1,1,15,'Stolen','2025-05-05 00:00:00',NULL),(365,'Debit Card',' wearing a red collar.',73,6,2,1,9,'Stolen','2024-03-22 00:00:00',NULL),(366,'Textbooks','Gold plated, engraved initials.',6,4,4,2,6,'Stolen','2025-01-23 00:00:00',NULL),(367,'Backpack',' wearing a red collar.',286,3,4,2,20,'Lost','2024-10-02 00:00:00',NULL),(368,'Driving License','Black color, slight scratch on screen.',263,7,2,1,50,'Found','2025-01-19 00:00:00',NULL),(369,'Dell XPS Laptop','Valid till 2030.',115,2,4,2,39,'Stolen','2024-11-08 00:00:00',NULL),(370,'Leather Wallet','Found at the metro station.',141,3,5,1,8,'Found','2025-09-28 00:00:00',NULL),(371,'Driving License','Key with a blue keychain.',64,2,1,3,46,'Lost','2024-07-24 00:00:00',NULL),(372,'Backpack','Key with a blue keychain.',207,8,2,1,43,'Found','2025-12-09 00:00:00',NULL),(373,'MacBook Air',' wearing a red collar.',42,4,5,3,47,'Found','2024-03-12 00:00:00',NULL),(374,'Car Keys','White color, dent on bumper.',162,7,3,3,37,'Stolen','2024-03-01 00:00:00',NULL),(375,'Sunglasses','Found at the metro station.',295,8,1,2,40,'Found','2024-12-18 00:00:00',NULL),(376,'Leather Wallet',' wearing a red collar.',280,8,5,2,11,'Lost','2024-12-01 00:00:00',NULL),(377,'Leather Wallet','White color, dent on bumper.',263,8,1,2,12,'Found','2024-08-08 00:00:00',NULL),(378,'Gold Ring','Grey color, laptop bag included.',251,7,2,1,49,'Found','2025-09-29 00:00:00',NULL),(379,'Dell XPS Laptop','Lost near the park.',225,5,5,1,42,'Stolen','2024-09-16 00:00:00',NULL),(380,'Bicycle','Gold plated, engraved initials.',224,7,3,3,41,'Found','2024-10-03 00:00:00',NULL),(381,'Driving License','Key with a blue keychain.',53,2,5,1,26,'Stolen','2024-02-19 00:00:00',NULL),(382,'Sunglasses','Gold plated, engraved initials.',228,8,1,1,43,'Lost','2025-09-17 00:00:00',NULL),(383,'Dell XPS Laptop','Grey color, laptop bag included.',254,8,1,2,31,'Stolen','2025-06-19 00:00:00',NULL),(384,'Passport','Black color, slight scratch on screen.',200,6,2,3,27,'Found','2024-03-10 00:00:00',NULL),(385,'Persian Cat','Found at the metro station.',131,5,4,2,8,'Found','2025-05-18 00:00:00',NULL),(386,'Persian Cat','Gold plated, engraved initials.',224,6,2,1,3,'Found','2024-11-19 00:00:00',NULL),(387,'Driving License','Brown leather, contains ID cards.',171,7,2,1,10,'Stolen','2024-12-21 00:00:00',NULL),(388,'Textbooks','Black color, slight scratch on screen.',252,6,5,1,1,'Lost','2024-03-09 00:00:00',NULL),(389,'Driving License','Key with a blue keychain.',286,5,1,1,26,'Stolen','2025-02-04 00:00:00',NULL),(390,'Samsung Galaxy S21','Found at the metro station.',162,1,5,3,49,'Stolen','2024-11-21 00:00:00',NULL),(391,'Leather Wallet',' wearing a red collar.',236,6,4,2,28,'Stolen','2025-09-19 00:00:00',NULL),(392,'Wrist Watch','Found at the metro station.',127,3,3,3,24,'Found','2024-08-16 00:00:00',NULL),(393,'Persian Cat','Found at the metro station.',101,2,2,1,30,'Stolen','2024-09-19 00:00:00',NULL),(394,'Driving License','Valid till 2030.',296,4,5,3,36,'Found','2025-04-10 00:00:00',NULL),(395,'Debit Card','Gold plated, engraved initials.',46,7,1,1,37,'Stolen','2024-08-01 00:00:00',NULL),(396,'Driving License','Grey color, laptop bag included.',91,5,1,2,52,'Lost','2025-06-02 00:00:00',NULL),(397,'Sunglasses','Valid till 2030.',249,1,3,1,13,'Lost','2025-04-27 00:00:00',NULL),(398,'Textbooks','Grey color, laptop bag included.',57,7,4,1,29,'Stolen','2024-07-31 00:00:00',NULL),(399,'Wrist Watch','Gold plated, engraved initials.',178,4,2,3,22,'Stolen','2024-12-23 00:00:00',NULL),(400,'Sunglasses','White color, dent on bumper.',173,1,4,1,29,'Found','2024-02-13 00:00:00',NULL),(401,'Persian Cat','Found at the metro station.',290,8,4,2,27,'Found','2024-12-10 00:00:00',NULL),(402,'Persian Cat','White color, dent on bumper.',20,5,4,2,41,'Stolen','2025-07-17 00:00:00',NULL),(403,'Sunglasses','Brown leather, contains ID cards.',129,6,5,3,21,'Lost','2024-04-28 00:00:00',NULL),(404,'Backpack',' wearing a red collar.',30,2,3,2,3,'Found','2025-10-04 00:00:00',NULL),(405,'Honda Civic','Valid till 2030.',172,4,3,3,15,'Stolen','2024-01-18 00:00:00',NULL),(406,'Leather Wallet','White color, dent on bumper.',285,6,3,3,50,'Lost','2024-12-09 00:00:00',NULL),(407,'MacBook Air','Brown leather, contains ID cards.',258,8,2,1,45,'Found','2025-12-22 00:00:00',NULL),(408,'Car Keys','Black color, slight scratch on screen.',97,6,5,1,49,'Found','2024-09-29 00:00:00',NULL),(409,'Sunglasses','Key with a blue keychain.',189,4,4,2,15,'Found','2024-11-02 00:00:00',NULL),(410,'iPhone 13 Pro','Valid till 2030.',159,5,3,1,50,'Stolen','2025-01-21 00:00:00',NULL),(411,'Samsung Galaxy S21','White color, dent on bumper.',211,7,1,1,22,'Lost','2025-08-11 00:00:00',NULL),(412,'Gold Ring','Lost near the park.',72,2,4,2,12,'Lost','2024-01-12 00:00:00',NULL),(413,'Dell XPS Laptop','Valid till 2030.',232,1,4,1,49,'Lost','2024-05-31 00:00:00',NULL),(414,'Passport','Grey color, laptop bag included.',75,6,2,1,27,'Found','2025-08-05 00:00:00',NULL),(415,'Car Keys','White color, dent on bumper.',151,6,4,3,36,'Lost','2025-02-25 00:00:00',NULL),(416,'Leather Wallet','Gold plated, engraved initials.',283,7,4,3,31,'Stolen','2025-06-20 00:00:00',NULL),(417,'Driving License',' wearing a red collar.',256,3,2,2,33,'Stolen','2024-06-10 00:00:00',NULL),(418,'Wrist Watch','Grey color, laptop bag included.',18,4,1,2,16,'Stolen','2025-08-01 00:00:00',NULL),(419,'Driving License',' wearing a red collar.',296,4,4,1,57,'Stolen','2024-11-19 00:00:00',NULL),(420,'Debit Card','Valid till 2030.',99,7,4,1,1,'Found','2025-06-20 00:00:00',NULL),(421,'Passport','Found at the metro station.',23,6,2,1,27,'Found','2024-02-04 00:00:00',NULL),(422,'Passport','White color, dent on bumper.',107,5,2,3,31,'Stolen','2024-10-13 00:00:00',NULL),(423,'iPhone 13 Pro','Brown leather, contains ID cards.',174,8,1,2,4,'Stolen','2024-02-18 00:00:00',NULL),(424,'Motorbike','Found at the metro station.',174,3,2,1,1,'Found','2025-07-14 00:00:00',NULL),(425,'iPhone 13 Pro','Gold plated, engraved initials.',128,6,5,2,46,'Lost','2025-07-10 00:00:00',NULL),(426,'Backpack',' wearing a red collar.',253,6,4,2,32,'Found','2024-04-13 00:00:00',NULL),(427,'MacBook Air','Gold plated, engraved initials.',119,5,4,2,18,'Found','2025-04-08 00:00:00',NULL),(428,'Honda Civic','Black color, slight scratch on screen.',82,5,3,2,19,'Lost','2024-09-25 00:00:00',NULL),(429,'Wrist Watch','Black color, slight scratch on screen.',189,7,4,1,4,'Lost','2024-05-07 00:00:00',NULL),(430,'Honda Civic','Key with a blue keychain.',26,8,1,3,2,'Lost','2024-02-12 00:00:00',NULL),(431,'Driving License','Gold plated, engraved initials.',97,3,1,3,16,'Stolen','2024-02-17 00:00:00',NULL),(432,'Honda Civic','Gold plated, engraved initials.',216,7,4,2,57,'Lost','2024-09-25 00:00:00',NULL),(433,'Samsung Galaxy S21','Lost near the park.',195,8,1,2,51,'Stolen','2025-02-13 00:00:00',NULL),(434,'Debit Card',' wearing a red collar.',149,5,1,3,37,'Stolen','2024-08-16 00:00:00',NULL),(435,'Persian Cat','Brown leather, contains ID cards.',167,1,4,1,25,'Stolen','2025-03-21 00:00:00',NULL),(436,'Samsung Galaxy S21','Gold plated, engraved initials.',160,6,2,1,24,'Found','2024-03-30 00:00:00',NULL),(437,'MacBook Air',' wearing a red collar.',38,2,3,1,55,'Lost','2024-12-20 00:00:00',NULL),(438,'Car Keys','Lost near the park.',75,5,2,3,23,'Stolen','2024-07-04 00:00:00',NULL),(439,'Labrador Dog','Lost near the park.',232,1,4,3,7,'Found','2025-01-30 00:00:00',NULL),(440,'Gold Ring','Grey color, laptop bag included.',159,1,3,3,25,'Stolen','2024-09-22 00:00:00',NULL),(441,'Gold Ring','Key with a blue keychain.',202,3,4,2,46,'Found','2024-05-12 00:00:00',NULL),(442,'Leather Wallet','Black color, slight scratch on screen.',183,2,1,3,11,'Found','2024-01-21 00:00:00',NULL),(443,'Debit Card','Black color, slight scratch on screen.',15,8,1,3,44,'Found','2024-04-06 00:00:00',NULL),(444,'Passport','Grey color, laptop bag included.',135,2,2,2,46,'Lost','2024-07-24 00:00:00',NULL),(445,'iPhone 13 Pro','Black color, slight scratch on screen.',230,5,2,2,46,'Stolen','2025-07-10 00:00:00',NULL),(446,'Bicycle','Gold plated, engraved initials.',201,8,3,1,36,'Lost','2025-08-18 00:00:00',NULL),(447,'Bicycle','Key with a blue keychain.',182,5,5,3,43,'Stolen','2025-05-05 00:00:00',NULL),(448,'Backpack','Black color, slight scratch on screen.',115,3,3,3,57,'Lost','2025-05-03 00:00:00',NULL),(449,'Labrador Dog','Black color, slight scratch on screen.',9,7,1,1,4,'Found','2025-08-20 00:00:00',NULL),(450,'MacBook Air','Black color, slight scratch on screen.',29,4,2,2,27,'Found','2024-01-12 00:00:00',NULL),(451,'Backpack',' wearing a red collar.',150,8,5,1,51,'Stolen','2024-07-21 00:00:00',NULL),(452,'Honda Civic','Lost near the park.',79,6,3,3,53,'Stolen','2024-11-14 00:00:00',NULL),(453,'Backpack','Grey color, laptop bag included.',95,5,3,1,1,'Stolen','2024-10-13 00:00:00',NULL),(454,'Sunglasses','Brown leather, contains ID cards.',132,4,2,2,56,'Lost','2024-05-03 00:00:00',NULL),(455,'iPhone 13 Pro','Black color, slight scratch on screen.',87,5,5,1,1,'Stolen','2024-01-23 00:00:00',NULL),(456,'Motorbike','Brown leather, contains ID cards.',221,7,5,1,10,'Lost','2024-04-14 00:00:00',NULL),(457,'Samsung Galaxy S21','Valid till 2030.',277,4,2,3,28,'Stolen','2024-06-01 00:00:00',NULL),(458,'Bicycle','Valid till 2030.',143,7,3,2,1,'Stolen','2024-03-30 00:00:00',NULL),(459,'Gold Ring','Valid till 2030.',240,5,5,2,30,'Found','2024-06-09 00:00:00',NULL),(460,'Honda Civic','Lost near the park.',241,7,1,2,20,'Lost','2025-03-14 00:00:00',NULL),(461,'Sunglasses','Found at the metro station.',287,4,3,3,24,'Lost','2025-01-18 00:00:00',NULL),(462,'Honda Civic','Brown leather, contains ID cards.',156,2,4,2,23,'Found','2024-03-19 00:00:00',NULL),(463,'Bicycle','Grey color, laptop bag included.',157,4,4,2,10,'Stolen','2024-08-27 00:00:00',NULL),(464,'Persian Cat','Gold plated, engraved initials.',207,5,1,3,13,'Lost','2025-08-21 00:00:00',NULL),(465,'Labrador Dog',' wearing a red collar.',186,8,3,1,32,'Stolen','2024-07-26 00:00:00',NULL),(466,'Persian Cat','Lost near the park.',169,1,1,2,26,'Lost','2025-12-19 00:00:00',NULL),(467,'Labrador Dog','Found at the metro station.',176,8,3,2,10,'Lost','2025-02-20 00:00:00',NULL),(468,'Persian Cat','Brown leather, contains ID cards.',226,5,2,2,15,'Lost','2024-08-06 00:00:00',NULL),(469,'Motorbike','Brown leather, contains ID cards.',164,7,2,2,42,'Found','2025-04-06 00:00:00',NULL),(470,'Driving License','Black color, slight scratch on screen.',54,8,5,1,5,'Lost','2024-07-20 00:00:00',NULL),(471,'Dell XPS Laptop','Brown leather, contains ID cards.',281,7,2,1,57,'Stolen','2024-11-24 00:00:00',NULL),(472,'Backpack','Found at the metro station.',27,8,4,2,8,'Found','2024-09-03 00:00:00',NULL),(473,'Debit Card','Found at the metro station.',95,7,4,3,7,'Found','2024-09-19 00:00:00',NULL),(474,'Debit Card','Found at the metro station.',56,7,4,1,12,'Stolen','2025-12-12 00:00:00',NULL),(475,'Passport','Lost near the park.',170,1,1,3,53,'Found','2025-02-08 00:00:00',NULL),(476,'Bicycle','White color, dent on bumper.',259,6,2,1,13,'Found','2025-02-23 00:00:00',NULL),(477,'Motorbike','Brown leather, contains ID cards.',203,2,5,3,54,'Stolen','2024-05-17 00:00:00',NULL),(478,'Samsung Galaxy S21','Brown leather, contains ID cards.',226,4,3,3,43,'Lost','2025-08-25 00:00:00',NULL),(479,'iPhone 13 Pro','Lost near the park.',246,4,1,1,19,'Found','2025-01-06 00:00:00',NULL),(480,'Honda Civic','Lost near the park.',248,7,2,1,51,'Stolen','2025-08-21 00:00:00',NULL),(481,'Passport','Grey color, laptop bag included.',41,2,1,3,47,'Lost','2024-10-13 00:00:00',NULL),(482,'Debit Card','Found at the metro station.',123,3,1,1,52,'Found','2025-10-15 00:00:00',NULL),(483,'Debit Card','Valid till 2030.',253,1,4,3,26,'Stolen','2025-10-08 00:00:00',NULL),(484,'MacBook Air',' wearing a red collar.',208,3,5,1,7,'Found','2025-04-08 00:00:00',NULL),(485,'Car Keys','White color, dent on bumper.',46,4,2,3,30,'Found','2025-04-18 00:00:00',NULL),(486,'Leather Wallet','Lost near the park.',42,5,4,1,41,'Lost','2025-10-31 00:00:00',NULL),(487,'Backpack','Brown leather, contains ID cards.',290,5,5,2,15,'Stolen','2024-07-16 00:00:00',NULL),(488,'MacBook Air','Gold plated, engraved initials.',28,4,1,1,4,'Found','2025-09-09 00:00:00',NULL),(489,'Bicycle','Valid till 2030.',2,6,2,1,1,'Found','2024-05-08 00:00:00',NULL),(490,'iPhone 13 Pro','Brown leather, contains ID cards.',195,1,5,3,48,'Lost','2024-02-03 00:00:00',NULL),(491,'Bicycle',' wearing a red collar.',230,2,1,2,29,'Found','2024-11-10 00:00:00',NULL),(492,'MacBook Air',' wearing a red collar.',21,1,1,1,24,'Lost','2024-05-28 00:00:00',NULL),(493,'Textbooks',' wearing a red collar.',154,3,2,2,25,'Stolen','2024-01-08 00:00:00',NULL),(494,'MacBook Air','Gold plated, engraved initials.',48,1,2,2,36,'Stolen','2025-05-17 00:00:00',NULL),(495,'Textbooks','Gold plated, engraved initials.',140,8,3,2,50,'Stolen','2024-11-06 00:00:00',NULL),(496,'Dell XPS Laptop','Gold plated, engraved initials.',14,2,1,1,56,'Lost','2024-03-11 00:00:00',NULL),(497,'Sunglasses',' wearing a red collar.',196,5,5,3,16,'Stolen','2024-12-09 00:00:00',NULL),(498,'Leather Wallet','Valid till 2030.',24,7,5,1,41,'Stolen','2025-06-29 00:00:00',NULL),(499,'Honda Civic','White color, dent on bumper.',263,4,1,2,15,'Found','2025-04-27 00:00:00',NULL),(500,'Textbooks',' wearing a red collar.',143,3,4,2,11,'Found','2025-01-23 00:00:00',NULL),(501,'Driving License','Valid till 2030.',60,2,1,2,53,'Stolen','2025-01-23 00:00:00',NULL),(502,'Backpack','White color, dent on bumper.',58,2,1,2,14,'Found','2025-10-17 00:00:00',NULL),(503,'Car Keys','Brown leather, contains ID cards.',200,3,2,3,41,'Stolen','2025-12-30 00:00:00',NULL),(504,'Wrist Watch','Key with a blue keychain.',230,6,2,1,18,'Lost','2025-02-06 00:00:00',NULL),(505,'MacBook Air','Brown leather, contains ID cards.',45,8,5,1,3,'Stolen','2024-06-05 00:00:00',NULL),(506,'Persian Cat','Valid till 2030.',232,4,2,2,9,'Lost','2025-04-14 00:00:00',NULL),(507,'iPhone 13 Pro','Lost near the park.',142,5,5,1,33,'Found','2024-04-24 00:00:00',NULL),(508,'Honda Civic','Gold plated, engraved initials.',262,1,3,1,40,'Lost','2024-10-17 00:00:00',NULL),(509,'Labrador Dog','Valid till 2030.',287,7,2,1,19,'Stolen','2024-07-19 00:00:00',NULL),(510,'iPhone 13 Pro','Grey color, laptop bag included.',253,8,3,3,40,'Found','2024-07-31 00:00:00',NULL),(511,'Driving License','Valid till 2030.',39,7,5,3,8,'Lost','2025-11-23 00:00:00',NULL),(512,'Sunglasses','Valid till 2030.',157,4,2,3,27,'Stolen','2025-11-20 00:00:00',NULL),(513,'Samsung Galaxy S21','Lost near the park.',253,6,4,2,26,'Lost','2024-08-12 00:00:00',NULL),(514,'Labrador Dog','Lost near the park.',12,1,5,3,23,'Found','2024-07-03 00:00:00',NULL),(515,'Debit Card','Found at the metro station.',116,1,4,3,56,'Stolen','2024-12-19 00:00:00',NULL),(516,'Bicycle','Key with a blue keychain.',263,8,3,2,34,'Lost','2025-11-04 00:00:00',NULL),(517,'iPhone 13 Pro','Grey color, laptop bag included.',161,8,5,1,41,'Stolen','2025-02-20 00:00:00',NULL),(518,'Honda Civic','Lost near the park.',126,4,4,3,44,'Lost','2025-01-28 00:00:00',NULL),(519,'Leather Wallet','Brown leather, contains ID cards.',168,8,3,2,32,'Lost','2024-11-29 00:00:00',NULL),(520,'Driving License','White color, dent on bumper.',199,5,4,2,30,'Lost','2024-06-22 00:00:00',NULL),(521,'Persian Cat','Valid till 2030.',290,2,4,1,11,'Lost','2024-09-11 00:00:00',NULL),(522,'Driving License','Found at the metro station.',57,1,1,1,47,'Stolen','2025-04-01 00:00:00',NULL),(523,'Samsung Galaxy S21','Black color, slight scratch on screen.',233,5,2,1,27,'Lost','2025-02-19 00:00:00',NULL),(524,'Motorbike','Brown leather, contains ID cards.',122,8,4,2,25,'Lost','2024-10-01 00:00:00',NULL),(525,'Car Keys','Gold plated, engraved initials.',149,4,4,3,11,'Lost','2024-07-29 00:00:00',NULL),(526,'Motorbike','Valid till 2030.',76,8,5,2,35,'Found','2024-11-10 00:00:00',NULL),(527,'Backpack','White color, dent on bumper.',110,5,1,2,10,'Lost','2024-06-06 00:00:00',NULL),(528,'Driving License','Valid till 2030.',25,2,4,1,1,'Found','2025-01-20 00:00:00',NULL),(529,'Bicycle','Lost near the park.',114,3,5,3,53,'Lost','2024-01-28 00:00:00',NULL),(530,'Wrist Watch','Black color, slight scratch on screen.',278,6,3,3,13,'Found','2025-05-23 00:00:00',NULL),(531,'Bicycle','Key with a blue keychain.',61,1,2,1,31,'Found','2024-01-09 00:00:00',NULL),(532,'Leather Wallet',' wearing a red collar.',233,4,5,1,42,'Lost','2024-06-14 00:00:00',NULL),(533,'Labrador Dog','Key with a blue keychain.',89,8,4,3,2,'Lost','2025-01-25 00:00:00',NULL),(534,'Textbooks','Brown leather, contains ID cards.',263,2,5,2,26,'Found','2025-11-11 00:00:00',NULL),(535,'Persian Cat','Gold plated, engraved initials.',80,6,2,2,19,'Stolen','2025-02-09 00:00:00',NULL),(536,'iPhone 13 Pro','Lost near the park.',43,7,5,2,44,'Lost','2024-01-12 00:00:00',NULL),(537,'Backpack','Black color, slight scratch on screen.',199,6,3,1,23,'Lost','2024-04-20 00:00:00',NULL),(538,'Dell XPS Laptop','Lost near the park.',25,8,5,2,57,'Found','2025-11-20 00:00:00',NULL),(539,'MacBook Air','Grey color, laptop bag included.',239,6,1,1,50,'Found','2025-11-02 00:00:00',NULL),(540,'Wrist Watch','White color, dent on bumper.',265,2,4,3,13,'Lost','2025-03-27 00:00:00',NULL),(541,'Debit Card','White color, dent on bumper.',271,1,2,1,12,'Lost','2024-06-05 00:00:00',NULL),(542,'Wrist Watch','Valid till 2030.',251,3,4,2,13,'Found','2025-09-24 00:00:00',NULL),(543,'MacBook Air','White color, dent on bumper.',1,5,1,2,13,'Stolen','2024-10-13 00:00:00',NULL),(544,'iPhone 13 Pro','Brown leather, contains ID cards.',66,5,2,1,16,'Found','2024-05-04 00:00:00',NULL),(545,'Motorbike','Found at the metro station.',225,4,2,1,41,'Stolen','2024-03-12 00:00:00',NULL),(546,'Motorbike',' wearing a red collar.',56,3,2,1,8,'Stolen','2025-08-21 00:00:00',NULL),(547,'Honda Civic','Brown leather, contains ID cards.',277,1,5,1,11,'Stolen','2024-12-15 00:00:00',NULL),(548,'Samsung Galaxy S21','Lost near the park.',265,1,2,3,21,'Found','2024-05-31 00:00:00',NULL),(549,'Textbooks','Found at the metro station.',292,1,2,1,46,'Found','2025-05-17 00:00:00',NULL),(550,'Wrist Watch','Gold plated, engraved initials.',285,2,4,1,52,'Lost','2025-10-03 00:00:00',NULL),(551,'Wrist Watch','Found at the metro station.',181,6,2,3,13,'Stolen','2025-08-23 00:00:00',NULL),(552,'Passport','Lost near the park.',292,6,1,3,24,'Stolen','2025-12-29 00:00:00',NULL),(553,'Dell XPS Laptop',' wearing a red collar.',12,3,3,1,40,'Stolen','2024-04-08 00:00:00',NULL),(554,'Gold Ring','Brown leather, contains ID cards.',32,4,2,2,4,'Lost','2024-06-08 00:00:00',NULL),(555,'Gold Ring','Grey color, laptop bag included.',107,6,5,2,27,'Lost','2025-07-23 00:00:00',NULL),(556,'Debit Card','Key with a blue keychain.',50,6,2,1,15,'Lost','2024-08-08 00:00:00',NULL),(557,'Car Keys','Brown leather, contains ID cards.',231,2,2,3,57,'Stolen','2025-01-17 00:00:00',NULL),(558,'Driving License','Key with a blue keychain.',41,8,5,1,12,'Lost','2025-06-24 00:00:00',NULL),(559,'Honda Civic','Black color, slight scratch on screen.',213,1,4,1,47,'Stolen','2025-05-06 00:00:00',NULL),(560,'Driving License',' wearing a red collar.',3,7,1,2,48,'Lost','2024-12-24 00:00:00',NULL),(561,'Passport','Found at the metro station.',222,5,5,1,54,'Found','2024-06-08 00:00:00',NULL),(562,'Debit Card','White color, dent on bumper.',294,2,5,2,15,'Found','2024-03-12 00:00:00',NULL),(563,'Car Keys',' wearing a red collar.',72,3,4,2,9,'Stolen','2025-03-15 00:00:00',NULL),(564,'Driving License','Key with a blue keychain.',169,6,4,1,30,'Found','2024-12-20 00:00:00',NULL),(565,'Samsung Galaxy S21','Valid till 2030.',82,7,1,3,51,'Found','2025-08-28 00:00:00',NULL),(566,'Gold Ring',' wearing a red collar.',277,6,1,1,18,'Found','2024-02-20 00:00:00',NULL),(567,'Wrist Watch','Grey color, laptop bag included.',24,5,3,1,56,'Lost','2025-11-13 00:00:00',NULL),(568,'Driving License','Lost near the park.',21,5,4,1,39,'Stolen','2025-09-27 00:00:00',NULL),(569,'Labrador Dog','Lost near the park.',105,2,1,1,24,'Found','2024-06-26 00:00:00',NULL),(570,'Driving License','Lost near the park.',125,2,5,3,52,'Stolen','2024-05-11 00:00:00',NULL),(571,'iPhone 13 Pro','Key with a blue keychain.',111,2,5,3,41,'Lost','2024-05-30 00:00:00',NULL),(572,'MacBook Air','Key with a blue keychain.',189,6,2,2,19,'Stolen','2025-04-23 00:00:00',NULL),(573,'Sunglasses','Found at the metro station.',277,7,5,3,35,'Lost','2025-08-06 00:00:00',NULL),(574,'Textbooks',' wearing a red collar.',163,4,2,1,23,'Stolen','2025-09-12 00:00:00',NULL),(575,'Persian Cat','White color, dent on bumper.',86,5,2,3,18,'Stolen','2025-07-20 00:00:00',NULL),(576,'iPhone 13 Pro',' wearing a red collar.',61,6,5,3,8,'Stolen','2024-07-02 00:00:00',NULL),(577,'Motorbike','White color, dent on bumper.',168,7,2,3,52,'Found','2024-02-05 00:00:00',NULL),(578,'Persian Cat',' wearing a red collar.',92,7,3,3,37,'Found','2025-09-05 00:00:00',NULL),(579,'Car Keys','Brown leather, contains ID cards.',65,5,5,1,3,'Lost','2024-12-08 00:00:00',NULL),(580,'MacBook Air','Valid till 2030.',22,5,4,3,55,'Stolen','2025-12-23 00:00:00',NULL),(581,'Passport',' wearing a red collar.',150,2,4,2,36,'Lost','2024-08-22 00:00:00',NULL),(582,'Textbooks',' wearing a red collar.',89,6,3,2,46,'Stolen','2024-12-19 00:00:00',NULL),(583,'Motorbike','Lost near the park.',154,7,4,2,1,'Found','2025-04-09 00:00:00',NULL),(584,'Car Keys','Black color, slight scratch on screen.',184,2,1,2,25,'Stolen','2025-09-27 00:00:00',NULL),(585,'iPhone 13 Pro','White color, dent on bumper.',226,8,5,1,31,'Stolen','2024-05-18 00:00:00',NULL),(586,'Gold Ring','Black color, slight scratch on screen.',70,3,4,2,43,'Stolen','2024-03-09 00:00:00',NULL),(587,'Driving License','Valid till 2030.',182,6,2,2,17,'Lost','2024-11-20 00:00:00',NULL),(588,'Car Keys','Grey color, laptop bag included.',281,3,3,2,3,'Stolen','2025-10-20 00:00:00',NULL),(589,'Backpack','Brown leather, contains ID cards.',32,1,2,3,11,'Found','2024-11-06 00:00:00',NULL),(590,'Leather Wallet','Black color, slight scratch on screen.',87,5,2,3,52,'Found','2024-10-01 00:00:00',NULL),(591,'Persian Cat','Gold plated, engraved initials.',199,3,5,1,9,'Found','2024-06-15 00:00:00',NULL),(592,'Labrador Dog','Key with a blue keychain.',288,4,3,2,7,'Lost','2024-04-28 00:00:00',NULL),(593,'Driving License','Grey color, laptop bag included.',258,6,5,3,15,'Stolen','2024-08-08 00:00:00',NULL),(594,'Car Keys','Lost near the park.',28,4,4,2,38,'Stolen','2024-01-26 00:00:00',NULL),(595,'Honda Civic','Black color, slight scratch on screen.',289,7,5,3,5,'Found','2024-08-30 00:00:00',NULL),(596,'Bicycle','Brown leather, contains ID cards.',282,7,5,2,12,'Lost','2025-04-06 00:00:00',NULL),(597,'iPhone 13 Pro','White color, dent on bumper.',43,3,4,3,52,'Stolen','2024-12-14 00:00:00',NULL),(598,'Samsung Galaxy S21','Grey color, laptop bag included.',277,1,4,3,6,'Found','2024-11-24 00:00:00',NULL),(599,'Debit Card','White color, dent on bumper.',258,6,3,1,48,'Lost','2025-07-11 00:00:00',NULL),(600,'Leather Wallet',' wearing a red collar.',124,6,3,2,13,'Found','2024-09-18 00:00:00',NULL),(601,'Leather Wallet','Brown leather, contains ID cards.',203,3,3,1,37,'Stolen','2025-09-15 00:00:00',NULL),(602,'Passport','Brown leather, contains ID cards.',27,4,3,3,18,'Lost','2024-05-03 00:00:00',NULL),(603,'Samsung Galaxy S21','Found at the metro station.',193,8,4,3,36,'Stolen','2025-07-27 00:00:00',NULL),(604,'Samsung Galaxy S21','Grey color, laptop bag included.',176,6,4,3,38,'Lost','2024-11-05 00:00:00',NULL),(605,'Passport','Gold plated, engraved initials.',55,8,2,1,56,'Lost','2025-06-20 00:00:00',NULL),(606,'Car Keys','Grey color, laptop bag included.',222,6,4,3,48,'Stolen','2024-01-07 00:00:00',NULL),(607,'Leather Wallet','Grey color, laptop bag included.',45,2,3,1,31,'Lost','2024-11-30 00:00:00',NULL),(608,'Persian Cat','Grey color, laptop bag included.',140,2,1,3,30,'Found','2024-01-02 00:00:00',NULL),(609,'Bicycle',' wearing a red collar.',283,3,3,2,8,'Found','2025-09-01 00:00:00',NULL),(610,'iPhone 13 Pro','Grey color, laptop bag included.',254,8,5,1,14,'Stolen','2025-03-09 00:00:00',NULL),(611,'Persian Cat','Grey color, laptop bag included.',21,1,2,2,46,'Stolen','2025-07-26 00:00:00',NULL),(612,'Debit Card','Black color, slight scratch on screen.',287,7,2,1,8,'Stolen','2024-04-02 00:00:00',NULL),(613,'Passport','Lost near the park.',191,2,5,3,31,'Lost','2024-10-06 00:00:00',NULL),(614,'Wrist Watch','Brown leather, contains ID cards.',289,6,3,2,45,'Found','2025-10-30 00:00:00',NULL),(615,'Samsung Galaxy S21','Valid till 2030.',135,1,1,2,54,'Found','2025-03-26 00:00:00',NULL),(616,'Labrador Dog','Brown leather, contains ID cards.',300,4,5,2,52,'Stolen','2025-03-24 00:00:00',NULL),(617,'Dell XPS Laptop','White color, dent on bumper.',93,5,3,2,29,'Stolen','2025-08-11 00:00:00',NULL),(618,'Wrist Watch','Lost near the park.',123,2,5,2,25,'Stolen','2024-09-13 00:00:00',NULL),(619,'Labrador Dog','Key with a blue keychain.',251,5,2,1,47,'Stolen','2025-05-02 00:00:00',NULL),(620,'Dell XPS Laptop','Black color, slight scratch on screen.',172,8,4,2,7,'Stolen','2024-06-29 00:00:00',NULL),(621,'Backpack','Lost near the park.',8,6,3,1,14,'Found','2024-11-16 00:00:00',NULL),(622,'iPhone 13 Pro','Brown leather, contains ID cards.',171,3,2,1,53,'Stolen','2025-11-04 00:00:00',NULL),(623,'Bicycle','Black color, slight scratch on screen.',257,1,3,1,12,'Lost','2025-06-06 00:00:00',NULL),(624,'MacBook Air','White color, dent on bumper.',118,7,1,3,33,'Stolen','2025-06-08 00:00:00',NULL),(625,'Labrador Dog','Lost near the park.',50,3,4,2,33,'Found','2024-03-07 00:00:00',NULL),(626,'Driving License',' wearing a red collar.',261,3,4,2,50,'Stolen','2024-02-06 00:00:00',NULL),(627,'Backpack',' wearing a red collar.',76,4,4,1,20,'Lost','2024-03-05 00:00:00',NULL),(628,'MacBook Air','Lost near the park.',122,1,1,2,16,'Lost','2024-04-01 00:00:00',NULL),(629,'Wrist Watch',' wearing a red collar.',274,1,3,2,47,'Lost','2025-09-09 00:00:00',NULL),(630,'Sunglasses','Found at the metro station.',46,1,5,3,27,'Stolen','2025-06-11 00:00:00',NULL),(631,'iPhone 13 Pro','White color, dent on bumper.',110,7,4,1,2,'Found','2024-04-11 00:00:00',NULL),(632,'Car Keys','Brown leather, contains ID cards.',293,4,2,2,5,'Lost','2024-11-24 00:00:00',NULL),(633,'MacBook Air','Brown leather, contains ID cards.',180,3,2,2,39,'Found','2024-07-31 00:00:00',NULL),(634,'Debit Card','Brown leather, contains ID cards.',169,1,3,3,50,'Found','2024-10-05 00:00:00',NULL),(635,'iPhone 13 Pro',' wearing a red collar.',73,5,3,3,5,'Stolen','2024-01-09 00:00:00',NULL),(636,'Labrador Dog','Key with a blue keychain.',34,4,2,2,33,'Lost','2025-03-21 00:00:00',NULL),(637,'Honda Civic','Key with a blue keychain.',253,4,4,3,17,'Lost','2024-05-30 00:00:00',NULL),(638,'Bicycle','Valid till 2030.',172,6,3,1,11,'Lost','2025-05-24 00:00:00',NULL),(639,'Leather Wallet','Grey color, laptop bag included.',27,6,4,2,42,'Found','2024-06-24 00:00:00',NULL),(640,'Sunglasses','Grey color, laptop bag included.',31,7,2,1,53,'Found','2024-05-12 00:00:00',NULL),(641,'Backpack','Black color, slight scratch on screen.',82,6,2,2,7,'Lost','2025-06-12 00:00:00',NULL),(642,'Car Keys','White color, dent on bumper.',224,6,2,1,46,'Lost','2025-07-16 00:00:00',NULL),(643,'Labrador Dog',' wearing a red collar.',23,5,4,3,33,'Stolen','2025-05-24 00:00:00',NULL),(644,'Motorbike','White color, dent on bumper.',58,7,4,1,18,'Found','2025-12-30 00:00:00',NULL),(645,'Bicycle',' wearing a red collar.',192,2,3,3,32,'Lost','2025-05-20 00:00:00',NULL),(646,'Persian Cat',' wearing a red collar.',173,4,5,3,32,'Stolen','2024-11-22 00:00:00',NULL),(647,'Passport','Gold plated, engraved initials.',226,1,2,1,46,'Stolen','2024-02-06 00:00:00',NULL),(648,'Leather Wallet','Lost near the park.',258,8,2,1,37,'Stolen','2025-04-15 00:00:00',NULL),(649,'MacBook Air','Found at the metro station.',60,7,4,1,25,'Lost','2025-03-03 00:00:00',NULL),(650,'Sunglasses','Brown leather, contains ID cards.',173,7,4,1,44,'Found','2025-08-08 00:00:00',NULL),(651,'Backpack','Key with a blue keychain.',197,7,3,2,1,'Stolen','2025-02-18 00:00:00',NULL),(652,'Passport','Valid till 2030.',45,4,4,3,2,'Found','2024-02-25 00:00:00',NULL),(653,'Sunglasses','Gold plated, engraved initials.',187,1,3,3,5,'Lost','2024-08-16 00:00:00',NULL),(654,'Textbooks','Valid till 2030.',64,6,4,1,12,'Stolen','2024-10-04 00:00:00',NULL),(655,'Debit Card','Brown leather, contains ID cards.',129,5,3,1,8,'Stolen','2025-01-27 00:00:00',NULL),(656,'Honda Civic','Gold plated, engraved initials.',59,2,1,2,47,'Stolen','2024-09-13 00:00:00',NULL),(657,'Samsung Galaxy S21','Black color, slight scratch on screen.',90,5,2,3,19,'Found','2025-05-21 00:00:00',NULL),(658,'Bicycle',' wearing a red collar.',217,3,3,3,3,'Found','2024-09-25 00:00:00',NULL),(659,'Honda Civic',' wearing a red collar.',101,2,3,2,23,'Stolen','2025-08-30 00:00:00',NULL),(660,'Persian Cat','Lost near the park.',140,3,4,3,41,'Lost','2024-10-01 00:00:00',NULL),(661,'Leather Wallet','Grey color, laptop bag included.',82,3,2,2,37,'Found','2024-01-06 00:00:00',NULL),(662,'Motorbike','Key with a blue keychain.',198,5,2,1,53,'Lost','2024-03-05 00:00:00',NULL),(663,'Textbooks','Black color, slight scratch on screen.',293,8,5,3,18,'Found','2024-09-24 00:00:00',NULL),(664,'Bicycle','Key with a blue keychain.',227,5,1,3,49,'Stolen','2025-10-07 00:00:00',NULL),(665,'Gold Ring','Found at the metro station.',52,1,2,3,57,'Lost','2024-10-17 00:00:00',NULL),(666,'Textbooks','Lost near the park.',199,4,4,2,36,'Lost','2024-06-29 00:00:00',NULL),(667,'Persian Cat','Lost near the park.',231,5,4,2,26,'Found','2025-03-22 00:00:00',NULL),(668,'Backpack','White color, dent on bumper.',185,8,5,3,36,'Lost','2024-04-07 00:00:00',NULL),(669,'MacBook Air',' wearing a red collar.',76,2,5,1,11,'Lost','2024-06-29 00:00:00',NULL),(670,'Dell XPS Laptop','Key with a blue keychain.',43,3,1,1,52,'Lost','2025-12-28 00:00:00',NULL),(671,'Motorbike','Found at the metro station.',293,3,2,1,12,'Lost','2024-07-29 00:00:00',NULL),(672,'Wrist Watch','Found at the metro station.',298,5,3,2,41,'Found','2025-05-05 00:00:00',NULL),(673,'Leather Wallet','Black color, slight scratch on screen.',78,6,4,3,11,'Lost','2025-10-17 00:00:00',NULL),(674,'Driving License','Gold plated, engraved initials.',203,5,5,3,34,'Found','2024-08-14 00:00:00',NULL),(675,'Driving License','Valid till 2030.',95,5,1,1,52,'Lost','2025-07-11 00:00:00',NULL),(676,'Car Keys','Found at the metro station.',6,8,5,1,30,'Stolen','2025-07-08 00:00:00',NULL),(677,'iPhone 13 Pro','Grey color, laptop bag included.',268,2,2,1,20,'Stolen','2024-08-17 00:00:00',NULL),(678,'iPhone 13 Pro','Brown leather, contains ID cards.',230,6,3,2,42,'Stolen','2024-08-25 00:00:00',NULL),(679,'Driving License','Lost near the park.',35,6,4,1,9,'Stolen','2024-08-12 00:00:00',NULL),(680,'Persian Cat','Gold plated, engraved initials.',195,4,3,2,52,'Found','2025-02-02 00:00:00',NULL),(681,'Car Keys','Gold plated, engraved initials.',219,2,4,3,22,'Stolen','2025-01-08 00:00:00',NULL),(682,'Car Keys','Black color, slight scratch on screen.',231,6,5,3,57,'Stolen','2025-07-05 00:00:00',NULL),(683,'Bicycle','Brown leather, contains ID cards.',289,2,4,2,8,'Lost','2025-10-22 00:00:00',NULL),(684,'Samsung Galaxy S21','Gold plated, engraved initials.',268,5,1,2,28,'Found','2025-11-24 00:00:00',NULL),(685,'Car Keys','Gold plated, engraved initials.',245,1,2,1,40,'Stolen','2025-12-10 00:00:00',NULL),(686,'iPhone 13 Pro','White color, dent on bumper.',63,7,5,1,28,'Lost','2024-12-09 00:00:00',NULL),(687,'Labrador Dog','Found at the metro station.',125,4,4,1,32,'Lost','2025-05-07 00:00:00',NULL),(688,'Honda Civic','Key with a blue keychain.',257,2,3,2,24,'Stolen','2024-09-24 00:00:00',NULL),(689,'Gold Ring','Lost near the park.',17,8,3,1,49,'Stolen','2025-04-01 00:00:00',NULL),(690,'Driving License','Key with a blue keychain.',176,4,5,3,1,'Lost','2024-03-02 00:00:00',NULL),(691,'Motorbike','Found at the metro station.',287,4,1,3,6,'Stolen','2024-09-20 00:00:00',NULL),(692,'MacBook Air','Gold plated, engraved initials.',119,3,5,3,41,'Lost','2025-11-21 00:00:00',NULL),(693,'MacBook Air','Grey color, laptop bag included.',190,5,4,2,10,'Found','2025-10-26 00:00:00',NULL),(694,'Wrist Watch','Lost near the park.',232,3,2,1,14,'Lost','2024-06-27 00:00:00',NULL),(695,'Dell XPS Laptop','White color, dent on bumper.',238,5,3,1,45,'Found','2025-06-07 00:00:00',NULL),(696,'Passport','Brown leather, contains ID cards.',53,2,3,1,27,'Found','2024-09-18 00:00:00',NULL),(697,'Car Keys','Brown leather, contains ID cards.',112,4,1,1,44,'Lost','2024-02-08 00:00:00',NULL),(698,'Textbooks','Valid till 2030.',37,3,4,1,24,'Found','2025-11-15 00:00:00',NULL),(699,'Wrist Watch','Key with a blue keychain.',279,3,1,2,12,'Found','2025-03-10 00:00:00',NULL),(700,'Gold Ring','Found at the metro station.',125,8,5,3,50,'Found','2025-05-11 00:00:00',NULL),(701,'Car Keys','Grey color, laptop bag included.',142,3,5,2,12,'Stolen','2025-06-23 00:00:00',NULL),(702,'Car Keys','Valid till 2030.',31,5,4,2,42,'Found','2025-11-23 00:00:00',NULL),(703,'Sunglasses','Valid till 2030.',179,1,5,1,16,'Stolen','2024-12-11 00:00:00',NULL),(704,'Driving License','Black color, slight scratch on screen.',84,7,2,3,34,'Lost','2025-03-04 00:00:00',NULL),(705,'Labrador Dog','Gold plated, engraved initials.',135,4,5,1,43,'Found','2024-08-29 00:00:00',NULL),(706,'Leather Wallet','Gold plated, engraved initials.',235,1,2,3,9,'Lost','2024-10-23 00:00:00',NULL),(707,'Labrador Dog','Lost near the park.',124,6,1,3,15,'Found','2024-08-18 00:00:00',NULL),(708,'Gold Ring','Key with a blue keychain.',76,4,5,2,26,'Lost','2025-01-09 00:00:00',NULL),(709,'Samsung Galaxy S21','Lost near the park.',223,4,5,2,13,'Found','2025-08-15 00:00:00',NULL),(710,'Driving License','Brown leather, contains ID cards.',26,2,3,2,5,'Lost','2024-07-15 00:00:00',NULL),(711,'Honda Civic',' wearing a red collar.',160,8,1,1,9,'Found','2024-08-12 00:00:00',NULL),(712,'Bicycle','Black color, slight scratch on screen.',89,1,3,3,25,'Lost','2024-08-29 00:00:00',NULL),(713,'Persian Cat','Valid till 2030.',129,8,4,1,32,'Found','2024-07-09 00:00:00',NULL),(714,'Wrist Watch','White color, dent on bumper.',289,5,5,2,54,'Stolen','2025-01-04 00:00:00',NULL),(715,'Debit Card','Valid till 2030.',47,3,1,1,39,'Found','2024-12-24 00:00:00',NULL),(716,'Bicycle','White color, dent on bumper.',189,3,4,3,5,'Found','2025-09-24 00:00:00',NULL),(717,'Sunglasses','Key with a blue keychain.',37,3,1,3,16,'Found','2024-07-27 00:00:00',NULL),(718,'Sunglasses','White color, dent on bumper.',141,7,4,3,35,'Found','2024-06-09 00:00:00',NULL),(719,'Debit Card','Found at the metro station.',87,5,1,1,57,'Stolen','2025-05-11 00:00:00',NULL),(720,'Debit Card','Gold plated, engraved initials.',193,1,3,2,6,'Lost','2025-09-06 00:00:00',NULL),(721,'Sunglasses','Lost near the park.',115,6,5,1,40,'Found','2025-01-03 00:00:00',NULL),(722,'Sunglasses',' wearing a red collar.',249,7,5,1,9,'Lost','2025-04-10 00:00:00',NULL),(723,'iPhone 13 Pro','Lost near the park.',244,3,4,1,37,'Lost','2025-01-19 00:00:00',NULL),(724,'Dell XPS Laptop','Grey color, laptop bag included.',291,7,1,2,48,'Stolen','2025-05-07 00:00:00',NULL),(725,'Passport','White color, dent on bumper.',237,5,2,1,20,'Found','2024-12-15 00:00:00',NULL),(726,'Samsung Galaxy S21',' wearing a red collar.',152,2,2,2,27,'Lost','2024-06-23 00:00:00',NULL),(727,'Textbooks','Black color, slight scratch on screen.',248,2,2,2,10,'Lost','2025-02-24 00:00:00',NULL),(728,'Honda Civic','White color, dent on bumper.',275,8,2,3,40,'Stolen','2025-09-21 00:00:00',NULL),(729,'Dell XPS Laptop','Lost near the park.',220,3,5,2,49,'Lost','2025-10-09 00:00:00',NULL),(730,'Wrist Watch','Found at the metro station.',74,8,5,3,52,'Lost','2025-10-31 00:00:00',NULL),(731,'Bicycle','Black color, slight scratch on screen.',53,4,2,1,2,'Lost','2025-09-25 00:00:00',NULL),(732,'Gold Ring',' wearing a red collar.',38,3,2,1,16,'Stolen','2024-06-23 00:00:00',NULL),(733,'Gold Ring','Gold plated, engraved initials.',231,1,1,2,4,'Found','2024-02-11 00:00:00',NULL),(734,'Backpack','Grey color, laptop bag included.',24,1,4,1,34,'Lost','2025-07-21 00:00:00',NULL),(735,'Sunglasses','Gold plated, engraved initials.',281,8,5,3,41,'Found','2025-10-08 00:00:00',NULL),(736,'Persian Cat','White color, dent on bumper.',183,5,5,2,28,'Lost','2025-05-29 00:00:00',NULL),(737,'Driving License','Grey color, laptop bag included.',81,5,4,2,17,'Lost','2025-05-02 00:00:00',NULL),(738,'Dell XPS Laptop','Found at the metro station.',288,2,1,3,52,'Stolen','2024-06-24 00:00:00',NULL),(739,'Leather Wallet',' wearing a red collar.',225,3,5,1,22,'Stolen','2025-11-11 00:00:00',NULL),(740,'Wrist Watch','Gold plated, engraved initials.',51,2,2,3,24,'Lost','2025-02-15 00:00:00',NULL),(741,'Wrist Watch','White color, dent on bumper.',136,5,3,3,38,'Stolen','2025-12-03 00:00:00',NULL),(742,'Persian Cat','Valid till 2030.',217,8,2,1,13,'Found','2024-11-22 00:00:00',NULL),(743,'Motorbike','White color, dent on bumper.',48,4,5,2,19,'Found','2025-05-08 00:00:00',NULL),(744,'Bicycle','White color, dent on bumper.',7,6,1,2,12,'Found','2024-10-22 00:00:00',NULL),(745,'Gold Ring','Brown leather, contains ID cards.',43,1,2,1,2,'Stolen','2024-08-11 00:00:00',NULL),(746,'Wrist Watch','Valid till 2030.',267,3,1,1,45,'Stolen','2025-04-21 00:00:00',NULL),(747,'iPhone 13 Pro','Black color, slight scratch on screen.',136,3,3,3,48,'Lost','2025-06-11 00:00:00',NULL),(748,'Debit Card','Key with a blue keychain.',190,8,4,1,50,'Stolen','2025-08-04 00:00:00',NULL),(749,'MacBook Air','Lost near the park.',179,5,4,1,55,'Found','2025-12-06 00:00:00',NULL),(750,'Samsung Galaxy S21','Black color, slight scratch on screen.',74,5,3,3,55,'Stolen','2024-11-26 00:00:00',NULL),(751,'Motorbike','Black color, slight scratch on screen.',249,6,3,1,42,'Lost','2025-12-19 00:00:00',NULL),(752,'iPhone 13 Pro',' wearing a red collar.',264,5,4,2,55,'Found','2024-06-27 00:00:00',NULL),(753,'iPhone 13 Pro','Gold plated, engraved initials.',265,1,2,1,19,'Found','2024-10-08 00:00:00',NULL),(754,'Dell XPS Laptop','Black color, slight scratch on screen.',69,5,1,3,49,'Stolen','2025-10-22 00:00:00',NULL),(755,'Wrist Watch','Valid till 2030.',271,1,3,1,13,'Stolen','2025-05-29 00:00:00',NULL),(756,'Samsung Galaxy S21','Grey color, laptop bag included.',115,1,2,2,21,'Found','2025-01-20 00:00:00',NULL),(757,'Dell XPS Laptop','White color, dent on bumper.',260,5,1,2,53,'Stolen','2024-11-29 00:00:00',NULL),(758,'Driving License','Grey color, laptop bag included.',25,1,1,3,1,'Found','2024-06-22 00:00:00',NULL),(759,'Persian Cat','Valid till 2030.',56,8,1,1,28,'Stolen','2024-10-04 00:00:00',NULL),(760,'Backpack','Valid till 2030.',141,5,5,1,21,'Stolen','2025-02-15 00:00:00',NULL),(761,'Bicycle','White color, dent on bumper.',40,8,1,2,48,'Lost','2024-05-09 00:00:00',NULL),(762,'Leather Wallet','Black color, slight scratch on screen.',41,8,2,3,9,'Stolen','2025-11-06 00:00:00',NULL),(763,'iPhone 13 Pro','Lost near the park.',33,8,5,1,9,'Found','2025-02-07 00:00:00',NULL),(764,'Samsung Galaxy S21','Gold plated, engraved initials.',281,6,4,2,42,'Found','2024-07-27 00:00:00',NULL),(765,'Labrador Dog','White color, dent on bumper.',46,3,4,2,8,'Lost','2025-05-19 00:00:00',NULL),(766,'Leather Wallet','White color, dent on bumper.',205,1,1,2,51,'Lost','2024-09-15 00:00:00',NULL),(767,'Debit Card','Brown leather, contains ID cards.',144,1,3,2,33,'Stolen','2025-07-23 00:00:00',NULL),(768,'Driving License','Valid till 2030.',151,1,4,3,55,'Found','2024-03-18 00:00:00',NULL),(769,'Honda Civic','Key with a blue keychain.',288,8,2,3,47,'Found','2024-10-29 00:00:00',NULL),(770,'Sunglasses','White color, dent on bumper.',174,8,2,1,41,'Lost','2024-09-07 00:00:00',NULL),(771,'Dell XPS Laptop','Gold plated, engraved initials.',268,4,3,1,10,'Found','2024-12-10 00:00:00',NULL),(772,'iPhone 13 Pro','Valid till 2030.',4,3,4,2,17,'Lost','2025-08-18 00:00:00',NULL),(773,'Honda Civic','Found at the metro station.',67,1,4,3,2,'Stolen','2025-09-04 00:00:00',NULL),(774,'Persian Cat',' wearing a red collar.',244,5,3,1,31,'Found','2024-09-30 00:00:00',NULL),(775,'Honda Civic','Grey color, laptop bag included.',41,3,5,3,39,'Stolen','2024-03-20 00:00:00',NULL),(776,'Honda Civic',' wearing a red collar.',245,3,2,1,54,'Found','2024-08-03 00:00:00',NULL),(777,'Debit Card',' wearing a red collar.',90,6,1,2,41,'Stolen','2024-07-04 00:00:00',NULL),(778,'Honda Civic','Key with a blue keychain.',108,5,2,3,23,'Lost','2024-03-17 00:00:00',NULL),(779,'Dell XPS Laptop','Black color, slight scratch on screen.',269,7,5,2,49,'Lost','2025-07-10 00:00:00',NULL),(780,'Samsung Galaxy S21',' wearing a red collar.',139,8,5,3,42,'Found','2024-10-24 00:00:00',NULL),(781,'Dell XPS Laptop',' wearing a red collar.',222,5,3,3,53,'Found','2025-07-29 00:00:00',NULL),(782,'MacBook Air','Key with a blue keychain.',294,7,3,2,41,'Found','2024-09-24 00:00:00',NULL),(783,'Samsung Galaxy S21','Valid till 2030.',44,4,5,3,33,'Found','2024-01-15 00:00:00',NULL),(784,'Samsung Galaxy S21',' wearing a red collar.',57,7,3,3,29,'Lost','2024-02-24 00:00:00',NULL),(785,'Gold Ring','Gold plated, engraved initials.',287,6,3,3,2,'Stolen','2024-04-19 00:00:00',NULL),(786,'Debit Card',' wearing a red collar.',179,4,2,3,46,'Found','2025-05-02 00:00:00',NULL),(787,'Wrist Watch','Lost near the park.',50,7,3,3,18,'Found','2025-09-25 00:00:00',NULL),(788,'iPhone 13 Pro','Gold plated, engraved initials.',9,3,5,1,46,'Stolen','2024-02-01 00:00:00',NULL),(789,'Textbooks','Lost near the park.',117,5,4,2,11,'Stolen','2024-01-10 00:00:00',NULL),(790,'Sunglasses','Valid till 2030.',19,7,1,1,47,'Stolen','2024-03-25 00:00:00',NULL),(791,'Persian Cat','Lost near the park.',28,8,3,1,21,'Stolen','2025-12-19 00:00:00',NULL),(792,'Labrador Dog','Valid till 2030.',96,7,4,1,16,'Lost','2024-10-16 00:00:00',NULL),(793,'iPhone 13 Pro','Lost near the park.',14,6,3,3,37,'Lost','2025-03-07 00:00:00',NULL),(794,'Samsung Galaxy S21','Lost near the park.',98,8,3,3,15,'Lost','2025-01-26 00:00:00',NULL),(795,'Samsung Galaxy S21','Lost near the park.',274,4,2,1,36,'Lost','2024-12-11 00:00:00',NULL),(796,'Driving License','Gold plated, engraved initials.',285,3,5,2,1,'Found','2024-07-25 00:00:00',NULL),(797,'Dell XPS Laptop','Gold plated, engraved initials.',63,2,4,1,48,'Found','2025-07-21 00:00:00',NULL),(798,'HP Laptop ','Black color, slight scratch on screen.',71,1,1,3,8,'Lost','2024-09-22 00:00:00','http://localhost:3001/uploads/1768039171773.jpg'),(799,'Samsung Galaxy A17','Lost near the park.',84,3,1,1,33,'Stolen','2025-01-12 00:00:00','http://localhost:3001/uploads/1768039056036.jpg'),(800,'Labrador Dog','Lost near the park.',91,8,2,2,50,'Found','2024-07-04 00:00:00','http://localhost:3001/uploads/1768038992832.jpg'),(801,'Mobile','I lost my Samsung S24 Ultra',302,8,3,2,59,'Lost','2026-01-10 00:00:00','http://localhost:3001/uploads/1768038190276.jpeg'),(802,'Airpods','I lost my Apple airpods gen 2',303,8,3,2,60,'Lost','2026-01-11 00:00:00','http://localhost:3001/uploads/1768044636956.png'),(803,'Wallet','I lost my wallet in this i have cnic and bank cards please if found contact me!',304,8,3,2,61,'Lost','2026-01-12 00:00:00','http://localhost:3001/uploads/1768037956409.jpg');
/*!40000 ALTER TABLE `items` ENABLE KEYS */;
UNLOCK TABLES;

--
-- Table structure for table `itemtags`
--

DROP TABLE IF EXISTS `itemtags`;
/*!40101 SET @saved_cs_client     = @@character_set_client */;
/*!50503 SET character_set_client = utf8mb4 */;
CREATE TABLE `itemtags` (
  `TagID` int NOT NULL AUTO_INCREMENT,
  `ItemID` int NOT NULL,
  `TagName` varchar(50) NOT NULL,
  PRIMARY KEY (`TagID`),
  KEY `ItemID` (`ItemID`),
  CONSTRAINT `itemtags_ibfk_1` FOREIGN KEY (`ItemID`) REFERENCES `items` (`ItemID`)
) ENGINE=InnoDB AUTO_INCREMENT=551 DEFAULT CHARSET=utf8mb4 COLLATE=utf8mb4_0900_ai_ci;
/*!40101 SET character_set_client = @saved_cs_client */;

--
-- Dumping data for table `itemtags`
--

LOCK TABLES `itemtags` WRITE;
/*!40000 ALTER TABLE `itemtags` DISABLE KEYS */;
INSERT INTO `itemtags` VALUES (1,1,'Electronics'),(2,2,'Document'),(3,3,'Mobile'),(4,7,'Mobile'),(5,8,'Keys'),(6,9,'Document'),(7,10,'Document'),(8,11,'Jewelry'),(9,12,'Document'),(10,13,'Vehicle'),(11,14,'Pet'),(12,16,'Vehicle'),(13,17,'Electronics'),(14,19,'Pet'),(15,21,'Clothing'),(16,22,'Pet'),(17,23,'Mobile'),(18,26,'Wallet'),(19,28,'Vehicle'),(20,29,'Jewelry'),(21,30,'Document'),(22,31,'Bag'),(23,32,'Bag'),(24,33,'Pet'),(25,34,'Vehicle'),(26,36,'Keys'),(27,37,'Bag'),(28,38,'Bag'),(29,39,'Bag'),(30,41,'Mobile'),(31,42,'Keys'),(32,43,'Document'),(33,44,'Mobile'),(34,46,'Bag'),(35,47,'Document'),(36,48,'Bag'),(37,49,'Clothing'),(38,50,'Keys'),(39,51,'Bag'),(40,52,'Electronics'),(41,53,'Bag'),(42,54,'Electronics'),(43,55,'Bag'),(44,56,'Jewelry'),(45,57,'Vehicle'),(46,61,'Wallet'),(47,62,'Bag'),(48,63,'Wallet'),(49,64,'Wallet'),(50,65,'Document'),(51,66,'Wallet'),(52,68,'Jewelry'),(53,69,'Electronics'),(54,70,'Document'),(55,71,'Wallet'),(56,72,'Vehicle'),(57,73,'Keys'),(58,74,'Vehicle'),(59,75,'Mobile'),(60,76,'Vehicle'),(61,77,'Keys'),(62,78,'Clothing'),(63,80,'Mobile'),(64,82,'Keys'),(65,83,'Keys'),(66,84,'Mobile'),(67,86,'Electronics'),(68,87,'Keys'),(69,88,'Vehicle'),(70,89,'Vehicle'),(71,90,'Vehicle'),(72,91,'Bag'),(73,92,'Mobile'),(74,93,'Jewelry'),(75,95,'Bag'),(76,96,'Bag'),(77,97,'Wallet'),(78,100,'Clothing'),(79,101,'Pet'),(80,102,'Wallet'),(81,103,'Document'),(82,106,'Electronics'),(83,107,'Pet'),(84,110,'Clothing'),(85,112,'Wallet'),(86,113,'Electronics'),(87,114,'Pet'),(88,115,'Bag'),(89,116,'Wallet'),(90,118,'Clothing'),(91,119,'Clothing'),(92,120,'Clothing'),(93,121,'Wallet'),(94,123,'Clothing'),(95,125,'Wallet'),(96,127,'Bag'),(97,128,'Electronics'),(98,129,'Mobile'),(99,132,'Clothing'),(100,134,'Document'),(101,135,'Wallet'),(102,136,'Vehicle'),(103,138,'Document'),(104,139,'Jewelry'),(105,145,'Clothing'),(106,147,'Electronics'),(107,148,'Vehicle'),(108,150,'Vehicle'),(109,151,'Mobile'),(110,152,'Pet'),(111,153,'Electronics'),(112,155,'Keys'),(113,156,'Clothing'),(114,157,'Mobile'),(115,158,'Electronics'),(116,161,'Bag'),(117,163,'Electronics'),(118,166,'Document'),(119,167,'Electronics'),(120,168,'Electronics'),(121,170,'Pet'),(122,173,'Bag'),(123,175,'Wallet'),(124,176,'Vehicle'),(125,177,'Document'),(126,178,'Keys'),(127,179,'Bag'),(128,180,'Keys'),(129,181,'Clothing'),(130,182,'Vehicle'),(131,183,'Pet'),(132,184,'Clothing'),(133,185,'Pet'),(134,186,'Bag'),(135,187,'Clothing'),(136,188,'Keys'),(137,191,'Keys'),(138,192,'Vehicle'),(139,193,'Keys'),(140,194,'Electronics'),(141,195,'Vehicle'),(142,196,'Wallet'),(143,197,'Jewelry'),(144,199,'Jewelry'),(145,202,'Mobile'),(146,203,'Wallet'),(147,204,'Keys'),(148,206,'Mobile'),(149,207,'Keys'),(150,208,'Vehicle'),(151,211,'Wallet'),(152,212,'Bag'),(153,215,'Mobile'),(154,216,'Bag'),(155,217,'Pet'),(156,218,'Mobile'),(157,219,'Electronics'),(158,220,'Electronics'),(159,221,'Bag'),(160,222,'Vehicle'),(161,224,'Wallet'),(162,225,'Wallet'),(163,226,'Electronics'),(164,227,'Pet'),(165,228,'Jewelry'),(166,229,'Jewelry'),(167,231,'Document'),(168,233,'Wallet'),(169,234,'Electronics'),(170,235,'Bag'),(171,236,'Mobile'),(172,239,'Mobile'),(173,240,'Pet'),(174,241,'Pet'),(175,244,'Vehicle'),(176,245,'Jewelry'),(177,247,'Jewelry'),(178,248,'Bag'),(179,250,'Clothing'),(180,251,'Document'),(181,253,'Mobile'),(182,254,'Document'),(183,255,'Jewelry'),(184,256,'Pet'),(185,258,'Keys'),(186,260,'Pet'),(187,261,'Pet'),(188,263,'Electronics'),(189,264,'Jewelry'),(190,267,'Wallet'),(191,268,'Vehicle'),(192,269,'Vehicle'),(193,271,'Mobile'),(194,272,'Clothing'),(195,273,'Bag'),(196,276,'Jewelry'),(197,277,'Document'),(198,279,'Clothing'),(199,280,'Clothing'),(200,282,'Clothing'),(201,284,'Electronics'),(202,285,'Vehicle'),(203,286,'Pet'),(204,287,'Electronics'),(205,290,'Bag'),(206,291,'Clothing'),(207,294,'Wallet'),(208,295,'Wallet'),(209,297,'Electronics'),(210,298,'Vehicle'),(211,299,'Document'),(212,300,'Pet'),(213,301,'Jewelry'),(214,302,'Jewelry'),(215,303,'Document'),(216,304,'Clothing'),(217,305,'Keys'),(218,308,'Document'),(219,309,'Vehicle'),(220,311,'Document'),(221,315,'Bag'),(222,316,'Vehicle'),(223,317,'Electronics'),(224,319,'Electronics'),(225,320,'Jewelry'),(226,322,'Pet'),(227,323,'Document'),(228,324,'Mobile'),(229,327,'Document'),(230,328,'Clothing'),(231,329,'Vehicle'),(232,330,'Clothing'),(233,331,'Bag'),(234,333,'Electronics'),(235,335,'Mobile'),(236,336,'Jewelry'),(237,339,'Keys'),(238,340,'Vehicle'),(239,342,'Pet'),(240,343,'Wallet'),(241,344,'Vehicle'),(242,347,'Keys'),(243,351,'Pet'),(244,353,'Pet'),(245,354,'Pet'),(246,355,'Clothing'),(247,356,'Mobile'),(248,358,'Bag'),(249,359,'Mobile'),(250,360,'Vehicle'),(251,361,'Electronics'),(252,362,'Keys'),(253,363,'Clothing'),(254,364,'Pet'),(255,365,'Electronics'),(256,366,'Keys'),(257,367,'Electronics'),(258,369,'Bag'),(259,370,'Mobile'),(260,373,'Wallet'),(261,374,'Pet'),(262,377,'Document'),(263,378,'Pet'),(264,379,'Wallet'),(265,380,'Jewelry'),(266,381,'Wallet'),(267,382,'Mobile'),(268,383,'Mobile'),(269,384,'Document'),(270,385,'Bag'),(271,387,'Pet'),(272,389,'Clothing'),(273,390,'Document'),(274,391,'Keys'),(275,392,'Wallet'),(276,393,'Document'),(277,395,'Document'),(278,397,'Jewelry'),(279,399,'Wallet'),(280,400,'Clothing'),(281,404,'Bag'),(282,405,'Vehicle'),(283,406,'Clothing'),(284,407,'Clothing'),(285,408,'Keys'),(286,409,'Pet'),(287,412,'Clothing'),(288,413,'Wallet'),(289,418,'Pet'),(290,419,'Keys'),(291,420,'Bag'),(292,422,'Jewelry'),(293,423,'Wallet'),(294,426,'Keys'),(295,428,'Bag'),(296,430,'Electronics'),(297,432,'Pet'),(298,433,'Vehicle'),(299,435,'Pet'),(300,436,'Jewelry'),(301,437,'Electronics'),(302,438,'Mobile'),(303,439,'Vehicle'),(304,440,'Wallet'),(305,441,'Keys'),(306,442,'Keys'),(307,443,'Electronics'),(308,444,'Keys'),(309,448,'Wallet'),(310,449,'Wallet'),(311,451,'Vehicle'),(312,452,'Document'),(313,453,'Electronics'),(314,454,'Document'),(315,455,'Pet'),(316,456,'Electronics'),(317,457,'Electronics'),(318,458,'Clothing'),(319,459,'Wallet'),(320,460,'Keys'),(321,461,'Pet'),(322,462,'Electronics'),(323,463,'Jewelry'),(324,464,'Electronics'),(325,465,'Clothing'),(326,467,'Vehicle'),(327,468,'Bag'),(328,469,'Jewelry'),(329,470,'Document'),(330,471,'Document'),(331,473,'Vehicle'),(332,479,'Jewelry'),(333,480,'Electronics'),(334,483,'Jewelry'),(335,486,'Clothing'),(336,487,'Electronics'),(337,488,'Clothing'),(338,489,'Keys'),(339,491,'Bag'),(340,493,'Clothing'),(341,494,'Pet'),(342,495,'Vehicle'),(343,496,'Mobile'),(344,498,'Bag'),(345,499,'Keys'),(346,500,'Bag'),(347,503,'Jewelry'),(348,506,'Clothing'),(349,508,'Mobile'),(350,509,'Keys'),(351,510,'Pet'),(352,512,'Vehicle'),(353,515,'Bag'),(354,516,'Mobile'),(355,517,'Jewelry'),(356,520,'Jewelry'),(357,521,'Jewelry'),(358,522,'Document'),(359,526,'Electronics'),(360,528,'Vehicle'),(361,529,'Wallet'),(362,531,'Pet'),(363,532,'Clothing'),(364,535,'Pet'),(365,536,'Document'),(366,537,'Keys'),(367,538,'Document'),(368,540,'Vehicle'),(369,542,'Mobile'),(370,543,'Vehicle'),(371,545,'Vehicle'),(372,546,'Mobile'),(373,547,'Mobile'),(374,548,'Bag'),(375,549,'Jewelry'),(376,550,'Document'),(377,551,'Vehicle'),(378,552,'Document'),(379,553,'Keys'),(380,554,'Wallet'),(381,555,'Wallet'),(382,556,'Bag'),(383,557,'Document'),(384,558,'Keys'),(385,559,'Keys'),(386,561,'Electronics'),(387,562,'Bag'),(388,563,'Vehicle'),(389,564,'Wallet'),(390,565,'Document'),(391,566,'Document'),(392,569,'Mobile'),(393,570,'Clothing'),(394,572,'Clothing'),(395,573,'Vehicle'),(396,577,'Jewelry'),(397,578,'Vehicle'),(398,580,'Mobile'),(399,581,'Keys'),(400,582,'Clothing'),(401,583,'Mobile'),(402,584,'Wallet'),(403,585,'Wallet'),(404,586,'Pet'),(405,587,'Clothing'),(406,588,'Electronics'),(407,589,'Jewelry'),(408,592,'Clothing'),(409,593,'Wallet'),(410,594,'Clothing'),(411,595,'Keys'),(412,596,'Clothing'),(413,597,'Mobile'),(414,599,'Bag'),(415,601,'Electronics'),(416,602,'Bag'),(417,603,'Electronics'),(418,604,'Keys'),(419,605,'Clothing'),(420,606,'Bag'),(421,607,'Keys'),(422,608,'Pet'),(423,610,'Pet'),(424,611,'Electronics'),(425,613,'Mobile'),(426,614,'Wallet'),(427,615,'Vehicle'),(428,616,'Bag'),(429,617,'Pet'),(430,619,'Bag'),(431,620,'Document'),(432,621,'Mobile'),(433,622,'Vehicle'),(434,623,'Keys'),(435,625,'Wallet'),(436,626,'Bag'),(437,629,'Pet'),(438,630,'Electronics'),(439,631,'Mobile'),(440,632,'Vehicle'),(441,633,'Document'),(442,634,'Keys'),(443,635,'Electronics'),(444,636,'Pet'),(445,638,'Pet'),(446,641,'Mobile'),(447,643,'Vehicle'),(448,644,'Bag'),(449,646,'Jewelry'),(450,647,'Electronics'),(451,648,'Electronics'),(452,650,'Clothing'),(453,653,'Vehicle'),(454,654,'Keys'),(455,655,'Mobile'),(456,656,'Electronics'),(457,657,'Jewelry'),(458,659,'Electronics'),(459,660,'Keys'),(460,661,'Bag'),(461,662,'Clothing'),(462,664,'Vehicle'),(463,665,'Wallet'),(464,666,'Document'),(465,667,'Mobile'),(466,668,'Document'),(467,669,'Electronics'),(468,670,'Bag'),(469,671,'Mobile'),(470,672,'Clothing'),(471,676,'Keys'),(472,677,'Clothing'),(473,678,'Mobile'),(474,679,'Vehicle'),(475,680,'Keys'),(476,681,'Keys'),(477,682,'Document'),(478,684,'Wallet'),(479,686,'Pet'),(480,687,'Vehicle'),(481,688,'Wallet'),(482,689,'Jewelry'),(483,690,'Keys'),(484,691,'Keys'),(485,694,'Keys'),(486,696,'Wallet'),(487,698,'Vehicle'),(488,699,'Wallet'),(489,701,'Clothing'),(490,702,'Keys'),(491,704,'Document'),(492,705,'Document'),(493,706,'Electronics'),(494,707,'Document'),(495,708,'Electronics'),(496,710,'Pet'),(497,711,'Pet'),(498,713,'Clothing'),(499,714,'Wallet'),(500,716,'Bag'),(501,718,'Electronics'),(502,719,'Wallet'),(503,720,'Jewelry'),(504,726,'Wallet'),(505,727,'Mobile'),(506,728,'Jewelry'),(507,729,'Mobile'),(508,730,'Vehicle'),(509,731,'Vehicle'),(510,736,'Wallet'),(511,739,'Clothing'),(512,740,'Bag'),(513,741,'Pet'),(514,742,'Jewelry'),(515,743,'Vehicle'),(516,746,'Wallet'),(517,749,'Mobile'),(518,750,'Electronics'),(519,752,'Vehicle'),(520,753,'Clothing'),(521,754,'Electronics'),(522,756,'Vehicle'),(523,758,'Pet'),(524,760,'Bag'),(525,761,'Bag'),(526,762,'Mobile'),(527,765,'Jewelry'),(528,767,'Jewelry'),(529,768,'Vehicle'),(530,769,'Pet'),(531,772,'Pet'),(532,774,'Pet'),(533,776,'Jewelry'),(534,778,'Jewelry'),(535,779,'Jewelry'),(536,780,'Pet'),(537,781,'Jewelry'),(538,782,'Wallet'),(539,783,'Mobile'),(540,786,'Wallet'),(541,788,'Vehicle'),(542,789,'Jewelry'),(543,790,'Jewelry'),(544,791,'Wallet'),(545,792,'Keys'),(546,794,'Jewelry'),(547,795,'Pet'),(548,797,'Mobile'),(549,798,'Wallet'),(550,800,'Bag');
/*!40000 ALTER TABLE `itemtags` ENABLE KEYS */;
UNLOCK TABLES;

--
-- Table structure for table `locations`
--

DROP TABLE IF EXISTS `locations`;
/*!40101 SET @saved_cs_client     = @@character_set_client */;
/*!50503 SET character_set_client = utf8mb4 */;
CREATE TABLE `locations` (
  `LocationID` int NOT NULL AUTO_INCREMENT,
  `LocationName` varchar(100) NOT NULL,
  PRIMARY KEY (`LocationID`)
) ENGINE=InnoDB AUTO_INCREMENT=62 DEFAULT CHARSET=utf8mb4 COLLATE=utf8mb4_0900_ai_ci;
/*!40101 SET character_set_client = @saved_cs_client */;

--
-- Dumping data for table `locations`
--

LOCK TABLES `locations` WRITE;
/*!40000 ALTER TABLE `locations` DISABLE KEYS */;
INSERT INTO `locations` VALUES (1,'Mumbai City Center'),(2,'Mumbai Airport'),(3,'Mumbai Railway Station'),(4,'Delhi City Center'),(5,'Delhi Airport'),(6,'Delhi Railway Station'),(7,'Bangalore City Center'),(8,'Bangalore Airport'),(9,'Bangalore Railway Station'),(10,'Hyderabad City Center'),(11,'Hyderabad Airport'),(12,'Hyderabad Railway Station'),(13,'Ahmedabad City Center'),(14,'Ahmedabad Airport'),(15,'Ahmedabad Railway Station'),(16,'Chennai City Center'),(17,'Chennai Airport'),(18,'Chennai Railway Station'),(19,'Kolkata City Center'),(20,'Kolkata Airport'),(21,'Kolkata Railway Station'),(22,'Surat City Center'),(23,'Surat Airport'),(24,'Surat Railway Station'),(25,'Pune City Center'),(26,'Pune Airport'),(27,'Pune Railway Station'),(28,'Jaipur City Center'),(29,'Jaipur Airport'),(30,'Jaipur Railway Station'),(31,'Karachi City Center'),(32,'Karachi Airport'),(33,'Karachi Railway Station'),(34,'Lahore City Center'),(35,'Lahore Airport'),(36,'Lahore Railway Station'),(37,'Faisalabad City Center'),(38,'Faisalabad Airport'),(39,'Faisalabad Railway Station'),(40,'Rawalpindi City Center'),(41,'Rawalpindi Airport'),(42,'Rawalpindi Railway Station'),(43,'Gujranwala City Center'),(44,'Gujranwala Airport'),(45,'Gujranwala Railway Station'),(46,'Peshawar City Center'),(47,'Peshawar Airport'),(48,'Peshawar Railway Station'),(49,'Multan City Center'),(50,'Multan Airport'),(51,'Multan Railway Station'),(52,'Islamabad City Center'),(53,'Islamabad Airport'),(54,'Islamabad Railway Station'),(55,'Quetta City Center'),(56,'Quetta Airport'),(57,'Quetta Railway Station'),(59,'Cantt Park'),(60,'Iqbal Town'),(61,'Muslim Town');
/*!40000 ALTER TABLE `locations` ENABLE KEYS */;
UNLOCK TABLES;

--
-- Temporary view structure for view `lostitemsview`
--

DROP TABLE IF EXISTS `lostitemsview`;
/*!50001 DROP VIEW IF EXISTS `lostitemsview`*/;
SET @saved_cs_client     = @@character_set_client;
/*!50503 SET character_set_client = utf8mb4 */;
/*!50001 CREATE VIEW `lostitemsview` AS SELECT 
 1 AS `ItemID`,
 1 AS `ItemName`,
 1 AS `Description`,
 1 AS `CategoryName`,
 1 AS `LocationName`,
 1 AS `DateReported`,
 1 AS `UsersName`*/;
SET character_set_client = @saved_cs_client;

--
-- Table structure for table `matches`
--

DROP TABLE IF EXISTS `matches`;
/*!40101 SET @saved_cs_client     = @@character_set_client */;
/*!50503 SET character_set_client = utf8mb4 */;
CREATE TABLE `matches` (
  `MatchID` int NOT NULL AUTO_INCREMENT,
  `LostItemID` int NOT NULL,
  `FoundItemID` int NOT NULL,
  `MatchDate` datetime DEFAULT CURRENT_TIMESTAMP,
  `Status` enum('Pending','Confirmed','Rejected') DEFAULT 'Pending',
  PRIMARY KEY (`MatchID`),
  KEY `LostItemID` (`LostItemID`),
  KEY `FoundItemID` (`FoundItemID`),
  CONSTRAINT `matches_ibfk_1` FOREIGN KEY (`LostItemID`) REFERENCES `items` (`ItemID`),
  CONSTRAINT `matches_ibfk_2` FOREIGN KEY (`FoundItemID`) REFERENCES `items` (`ItemID`)
) ENGINE=InnoDB AUTO_INCREMENT=51 DEFAULT CHARSET=utf8mb4 COLLATE=utf8mb4_0900_ai_ci;
/*!40101 SET character_set_client = @saved_cs_client */;

--
-- Dumping data for table `matches`
--

LOCK TABLES `matches` WRITE;
/*!40000 ALTER TABLE `matches` DISABLE KEYS */;
INSERT INTO `matches` VALUES (1,94,797,'2024-02-02 00:00:00','Rejected'),(2,679,533,'2025-04-17 00:00:00','Rejected'),(3,417,483,'2025-07-25 00:00:00','Rejected'),(4,566,215,'2025-07-24 00:00:00','Confirmed'),(5,108,267,'2025-12-22 00:00:00','Pending'),(6,454,568,'2025-04-15 00:00:00','Confirmed'),(7,490,797,'2025-05-11 00:00:00','Pending'),(8,572,765,'2025-01-11 00:00:00','Pending'),(9,748,487,'2024-10-10 00:00:00','Rejected'),(10,163,46,'2025-11-18 00:00:00','Confirmed'),(11,34,164,'2025-12-28 00:00:00','Pending'),(12,262,639,'2024-11-26 00:00:00','Rejected'),(13,164,55,'2025-05-26 00:00:00','Pending'),(14,289,294,'2025-02-07 00:00:00','Pending'),(15,327,113,'2024-01-22 00:00:00','Confirmed'),(16,140,544,'2024-04-06 00:00:00','Rejected'),(17,242,324,'2025-02-20 00:00:00','Confirmed'),(18,260,143,'2025-05-13 00:00:00','Pending'),(19,795,630,'2025-08-21 00:00:00','Pending'),(20,627,206,'2025-04-11 00:00:00','Pending'),(21,260,213,'2024-11-18 00:00:00','Confirmed'),(22,492,392,'2025-02-12 00:00:00','Pending'),(23,632,194,'2024-03-30 00:00:00','Rejected'),(24,455,124,'2024-01-31 00:00:00','Rejected'),(25,732,529,'2024-12-12 00:00:00','Pending'),(26,637,425,'2024-04-18 00:00:00','Pending'),(27,217,198,'2025-05-11 00:00:00','Confirmed'),(28,23,659,'2024-10-22 00:00:00','Confirmed'),(29,627,473,'2025-12-21 00:00:00','Pending'),(30,587,91,'2024-07-13 00:00:00','Confirmed'),(31,644,25,'2024-04-19 00:00:00','Pending'),(32,783,358,'2025-01-14 00:00:00','Pending'),(33,19,293,'2024-05-06 00:00:00','Confirmed'),(34,591,653,'2025-12-18 00:00:00','Pending'),(35,494,4,'2024-06-16 00:00:00','Confirmed'),(36,304,87,'2025-01-27 00:00:00','Rejected'),(37,283,471,'2025-09-24 00:00:00','Rejected'),(38,380,711,'2025-11-14 00:00:00','Confirmed'),(39,164,96,'2025-07-29 00:00:00','Rejected'),(40,598,163,'2024-11-14 00:00:00','Confirmed'),(41,769,749,'2024-03-21 00:00:00','Confirmed'),(42,627,24,'2025-03-11 00:00:00','Pending'),(43,347,328,'2024-02-10 00:00:00','Rejected'),(44,208,421,'2024-11-21 00:00:00','Confirmed'),(45,781,167,'2024-09-27 00:00:00','Rejected'),(46,47,265,'2025-03-29 00:00:00','Rejected'),(47,133,23,'2025-06-20 00:00:00','Rejected'),(48,306,545,'2024-03-23 00:00:00','Rejected'),(49,523,598,'2025-09-02 00:00:00','Confirmed'),(50,382,714,'2024-08-31 00:00:00','Pending');
/*!40000 ALTER TABLE `matches` ENABLE KEYS */;
UNLOCK TABLES;

--
-- Temporary view structure for view `matchsummaryview`
--

DROP TABLE IF EXISTS `matchsummaryview`;
/*!50001 DROP VIEW IF EXISTS `matchsummaryview`*/;
SET @saved_cs_client     = @@character_set_client;
/*!50503 SET character_set_client = utf8mb4 */;
/*!50001 CREATE VIEW `matchsummaryview` AS SELECT 
 1 AS `MatchID`,
 1 AS `MatchDate`,
 1 AS `Status`,
 1 AS `LostItem`,
 1 AS `FoundItem`,
 1 AS `LocationName`*/;
SET character_set_client = @saved_cs_client;

--
-- Table structure for table `notificationsettings`
--

DROP TABLE IF EXISTS `notificationsettings`;
/*!40101 SET @saved_cs_client     = @@character_set_client */;
/*!50503 SET character_set_client = utf8mb4 */;
CREATE TABLE `notificationsettings` (
  `SettingID` int NOT NULL AUTO_INCREMENT,
  `UserID` int NOT NULL,
  `EmailAlerts` tinyint(1) DEFAULT '1',
  `SMSAlerts` tinyint(1) DEFAULT '0',
  `PushAlerts` tinyint(1) DEFAULT '1',
  PRIMARY KEY (`SettingID`),
  KEY `UserID` (`UserID`),
  CONSTRAINT `notificationsettings_ibfk_1` FOREIGN KEY (`UserID`) REFERENCES `users` (`UserID`)
) ENGINE=InnoDB AUTO_INCREMENT=301 DEFAULT CHARSET=utf8mb4 COLLATE=utf8mb4_0900_ai_ci;
/*!40101 SET character_set_client = @saved_cs_client */;

--
-- Dumping data for table `notificationsettings`
--

LOCK TABLES `notificationsettings` WRITE;
/*!40000 ALTER TABLE `notificationsettings` DISABLE KEYS */;
INSERT INTO `notificationsettings` VALUES (1,1,1,0,1),(2,2,1,0,1),(3,3,1,0,1),(4,4,1,1,1),(5,5,1,1,1),(6,6,1,0,1),(7,7,1,1,1),(8,8,1,0,1),(9,9,1,1,1),(10,10,1,0,1),(11,11,1,1,1),(12,12,1,0,1),(13,13,1,0,1),(14,14,1,0,1),(15,15,1,1,1),(16,16,1,1,1),(17,17,1,1,1),(18,18,1,0,1),(19,19,1,0,1),(20,20,1,1,1),(21,21,1,1,1),(22,22,1,1,1),(23,23,1,1,1),(24,24,1,1,1),(25,25,1,0,1),(26,26,1,0,1),(27,27,1,0,1),(28,28,1,0,1),(29,29,1,1,1),(30,30,1,0,1),(31,31,1,1,1),(32,32,1,1,1),(33,33,1,0,1),(34,34,1,1,1),(35,35,1,1,1),(36,36,1,1,1),(37,37,1,0,1),(38,38,1,0,1),(39,39,1,1,1),(40,40,1,1,1),(41,41,1,0,1),(42,42,1,0,1),(43,43,1,1,1),(44,44,1,1,1),(45,45,1,1,1),(46,46,1,1,1),(47,47,1,0,1),(48,48,1,0,1),(49,49,1,1,1),(50,50,1,0,1),(51,51,1,1,1),(52,52,1,1,1),(53,53,1,1,1),(54,54,1,1,1),(55,55,1,0,1),(56,56,1,0,1),(57,57,1,0,1),(58,58,1,1,1),(59,59,1,0,1),(60,60,1,0,1),(61,61,1,0,1),(62,62,1,0,1),(63,63,1,1,1),(64,64,1,1,1),(65,65,1,1,1),(66,66,1,0,1),(67,67,1,1,1),(68,68,1,1,1),(69,69,1,0,1),(70,70,1,0,1),(71,71,1,1,1),(72,72,1,1,1),(73,73,1,0,1),(74,74,1,1,1),(75,75,1,0,1),(76,76,1,1,1),(77,77,1,0,1),(78,78,1,1,1),(79,79,1,0,1),(80,80,1,0,1),(81,81,1,0,1),(82,82,1,1,1),(83,83,1,0,1),(84,84,1,1,1),(85,85,1,1,1),(86,86,1,0,1),(87,87,1,1,1),(88,88,1,0,1),(89,89,1,0,1),(90,90,1,1,1),(91,91,1,1,1),(92,92,1,1,1),(93,93,1,0,1),(94,94,1,1,1),(95,95,1,0,1),(96,96,1,0,1),(97,97,1,0,1),(98,98,1,1,1),(99,99,1,1,1),(100,100,1,0,1),(101,101,1,1,1),(102,102,1,1,1),(103,103,1,0,1),(104,104,1,1,1),(105,105,1,1,1),(106,106,1,1,1),(107,107,1,1,1),(108,108,1,1,1),(109,109,1,0,1),(110,110,1,1,1),(111,111,1,0,1),(112,112,1,1,1),(113,113,1,0,1),(114,114,1,1,1),(115,115,1,1,1),(116,116,1,0,1),(117,117,1,0,1),(118,118,1,0,1),(119,119,1,1,1),(120,120,1,1,1),(121,121,1,0,1),(122,122,1,1,1),(123,123,1,1,1),(124,124,1,0,1),(125,125,1,1,1),(126,126,1,1,1),(127,127,1,0,1),(128,128,1,0,1),(129,129,1,1,1),(130,130,1,0,1),(131,131,1,0,1),(132,132,1,0,1),(133,133,1,0,1),(134,134,1,0,1),(135,135,1,1,1),(136,136,1,0,1),(137,137,1,0,1),(138,138,1,1,1),(139,139,1,0,1),(140,140,1,1,1),(141,141,1,0,1),(142,142,1,1,1),(143,143,1,0,1),(144,144,1,0,1),(145,145,1,1,1),(146,146,1,0,1),(147,147,1,1,1),(148,148,1,1,1),(149,149,1,0,1),(150,150,1,0,1),(151,151,1,0,1),(152,152,1,1,1),(153,153,1,1,1),(154,154,1,0,1),(155,155,1,0,1),(156,156,1,0,1),(157,157,1,1,1),(158,158,1,1,1),(159,159,1,0,1),(160,160,1,1,1),(161,161,1,1,1),(162,162,1,1,1),(163,163,1,1,1),(164,164,1,1,1),(165,165,1,0,1),(166,166,1,1,1),(167,167,1,1,1),(168,168,1,0,1),(169,169,1,0,1),(170,170,1,1,1),(171,171,1,1,1),(172,172,1,1,1),(173,173,1,1,1),(174,174,1,1,1),(175,175,1,1,1),(176,176,1,0,1),(177,177,1,1,1),(178,178,1,1,1),(179,179,1,1,1),(180,180,1,0,1),(181,181,1,0,1),(182,182,1,0,1),(183,183,1,0,1),(184,184,1,0,1),(185,185,1,1,1),(186,186,1,0,1),(187,187,1,1,1),(188,188,1,1,1),(189,189,1,0,1),(190,190,1,1,1),(191,191,1,0,1),(192,192,1,0,1),(193,193,1,0,1),(194,194,1,0,1),(195,195,1,0,1),(196,196,1,1,1),(197,197,1,0,1),(198,198,1,1,1),(199,199,1,1,1),(200,200,1,0,1),(201,201,1,1,1),(202,202,1,0,1),(203,203,1,0,1),(204,204,1,1,1),(205,205,1,0,1),(206,206,1,1,1),(207,207,1,0,1),(208,208,1,0,1),(209,209,1,0,1),(210,210,1,0,1),(211,211,1,1,1),(212,212,1,0,1),(213,213,1,1,1),(214,214,1,1,1),(215,215,1,1,1),(216,216,1,0,1),(217,217,1,1,1),(218,218,1,1,1),(219,219,1,0,1),(220,220,1,0,1),(221,221,1,0,1),(222,222,1,0,1),(223,223,1,1,1),(224,224,1,0,1),(225,225,1,1,1),(226,226,1,0,1),(227,227,1,1,1),(228,228,1,1,1),(229,229,1,0,1),(230,230,1,0,1),(231,231,1,1,1),(232,232,1,0,1),(233,233,1,0,1),(234,234,1,1,1),(235,235,1,1,1),(236,236,1,0,1),(237,237,1,1,1),(238,238,1,1,1),(239,239,1,1,1),(240,240,1,1,1),(241,241,1,1,1),(242,242,1,1,1),(243,243,1,1,1),(244,244,1,0,1),(245,245,1,1,1),(246,246,1,1,1),(247,247,1,0,1),(248,248,1,0,1),(249,249,1,1,1),(250,250,1,0,1),(251,251,1,1,1),(252,252,1,0,1),(253,253,1,0,1),(254,254,1,0,1),(255,255,1,0,1),(256,256,1,0,1),(257,257,1,1,1),(258,258,1,0,1),(259,259,1,0,1),(260,260,1,0,1),(261,261,1,0,1),(262,262,1,1,1),(263,263,1,1,1),(264,264,1,1,1),(265,265,1,0,1),(266,266,1,0,1),(267,267,1,0,1),(268,268,1,0,1),(269,269,1,1,1),(270,270,1,1,1),(271,271,1,0,1),(272,272,1,0,1),(273,273,1,0,1),(274,274,1,0,1),(275,275,1,0,1),(276,276,1,0,1),(277,277,1,1,1),(278,278,1,0,1),(279,279,1,1,1),(280,280,1,0,1),(281,281,1,1,1),(282,282,1,0,1),(283,283,1,1,1),(284,284,1,0,1),(285,285,1,0,1),(286,286,1,0,1),(287,287,1,1,1),(288,288,1,1,1),(289,289,1,1,1),(290,290,1,1,1),(291,291,1,0,1),(292,292,1,1,1),(293,293,1,0,1),(294,294,1,1,1),(295,295,1,1,1),(296,296,1,1,1),(297,297,1,0,1),(298,298,1,1,1),(299,299,1,0,1),(300,300,1,1,1);
/*!40000 ALTER TABLE `notificationsettings` ENABLE KEYS */;
UNLOCK TABLES;

--
-- Table structure for table `recoverymethods`
--

DROP TABLE IF EXISTS `recoverymethods`;
/*!40101 SET @saved_cs_client     = @@character_set_client */;
/*!50503 SET character_set_client = utf8mb4 */;
CREATE TABLE `recoverymethods` (
  `MethodID` int NOT NULL AUTO_INCREMENT,
  `MethodName` varchar(100) NOT NULL,
  PRIMARY KEY (`MethodID`)
) ENGINE=InnoDB AUTO_INCREMENT=5 DEFAULT CHARSET=utf8mb4 COLLATE=utf8mb4_0900_ai_ci;
/*!40101 SET character_set_client = @saved_cs_client */;

--
-- Dumping data for table `recoverymethods`
--

LOCK TABLES `recoverymethods` WRITE;
/*!40000 ALTER TABLE `recoverymethods` DISABLE KEYS */;
INSERT INTO `recoverymethods` VALUES (1,'Pickup'),(2,'Courier'),(3,'Meetup at Public Place'),(4,'Police Station Handover');
/*!40000 ALTER TABLE `recoverymethods` ENABLE KEYS */;
UNLOCK TABLES;

--
-- Table structure for table `reports`
--

DROP TABLE IF EXISTS `reports`;
/*!40101 SET @saved_cs_client     = @@character_set_client */;
/*!50503 SET character_set_client = utf8mb4 */;
CREATE TABLE `reports` (
  `ReportID` int NOT NULL AUTO_INCREMENT,
  `ItemID` int NOT NULL,
  `UserID` int NOT NULL,
  `ReportType` enum('Lost','Found','Stolen') NOT NULL,
  `ReportDate` datetime DEFAULT CURRENT_TIMESTAMP,
  PRIMARY KEY (`ReportID`),
  KEY `ItemID` (`ItemID`),
  KEY `UserID` (`UserID`),
  CONSTRAINT `reports_ibfk_1` FOREIGN KEY (`ItemID`) REFERENCES `items` (`ItemID`),
  CONSTRAINT `reports_ibfk_2` FOREIGN KEY (`UserID`) REFERENCES `users` (`UserID`)
) ENGINE=InnoDB AUTO_INCREMENT=301 DEFAULT CHARSET=utf8mb4 COLLATE=utf8mb4_0900_ai_ci;
/*!40101 SET character_set_client = @saved_cs_client */;

--
-- Dumping data for table `reports`
--

LOCK TABLES `reports` WRITE;
/*!40000 ALTER TABLE `reports` DISABLE KEYS */;
INSERT INTO `reports` VALUES (1,376,7,'Found','2024-08-17 00:00:00'),(2,454,21,'Lost','2024-04-22 00:00:00'),(3,701,150,'Lost','2025-12-14 00:00:00'),(4,762,287,'Found','2024-01-31 00:00:00'),(5,457,215,'Stolen','2025-02-14 00:00:00'),(6,464,266,'Stolen','2025-12-17 00:00:00'),(7,461,39,'Lost','2024-06-04 00:00:00'),(8,442,230,'Found','2024-06-17 00:00:00'),(9,617,174,'Stolen','2025-03-20 00:00:00'),(10,270,1,'Found','2025-09-27 00:00:00'),(11,408,153,'Found','2024-04-01 00:00:00'),(12,416,78,'Stolen','2025-07-16 00:00:00'),(13,376,75,'Lost','2024-01-26 00:00:00'),(14,261,49,'Stolen','2025-12-23 00:00:00'),(15,443,246,'Found','2025-11-05 00:00:00'),(16,653,25,'Stolen','2025-05-11 00:00:00'),(17,337,152,'Lost','2025-02-11 00:00:00'),(18,337,230,'Stolen','2024-04-17 00:00:00'),(19,417,167,'Stolen','2024-12-12 00:00:00'),(20,528,243,'Stolen','2025-04-06 00:00:00'),(21,343,299,'Stolen','2025-09-13 00:00:00'),(22,319,31,'Lost','2025-08-17 00:00:00'),(23,532,251,'Stolen','2025-04-19 00:00:00'),(24,555,213,'Stolen','2025-06-25 00:00:00'),(25,427,251,'Stolen','2024-08-04 00:00:00'),(26,382,285,'Stolen','2025-03-25 00:00:00'),(27,395,197,'Stolen','2024-12-29 00:00:00'),(28,450,269,'Lost','2024-11-22 00:00:00'),(29,747,71,'Stolen','2024-06-07 00:00:00'),(30,623,289,'Lost','2024-01-17 00:00:00'),(31,431,261,'Lost','2024-08-07 00:00:00'),(32,146,13,'Found','2024-04-16 00:00:00'),(33,578,34,'Found','2024-09-23 00:00:00'),(34,92,205,'Stolen','2025-09-25 00:00:00'),(35,233,135,'Found','2024-08-22 00:00:00'),(36,206,9,'Found','2025-04-19 00:00:00'),(37,535,226,'Stolen','2025-01-11 00:00:00'),(38,227,93,'Lost','2025-05-15 00:00:00'),(39,546,232,'Lost','2025-11-23 00:00:00'),(40,77,80,'Lost','2024-08-08 00:00:00'),(41,297,67,'Lost','2024-01-11 00:00:00'),(42,118,77,'Stolen','2025-12-22 00:00:00'),(43,659,241,'Lost','2025-09-01 00:00:00'),(44,795,204,'Lost','2024-10-27 00:00:00'),(45,59,14,'Found','2024-12-29 00:00:00'),(46,11,167,'Lost','2024-11-08 00:00:00'),(47,454,46,'Found','2025-06-26 00:00:00'),(48,433,188,'Stolen','2025-06-15 00:00:00'),(49,678,184,'Found','2025-07-07 00:00:00'),(50,626,81,'Stolen','2025-08-03 00:00:00'),(51,13,253,'Lost','2024-03-21 00:00:00'),(52,345,155,'Lost','2025-09-22 00:00:00'),(53,353,33,'Stolen','2025-12-04 00:00:00'),(54,489,70,'Lost','2024-01-19 00:00:00'),(55,208,70,'Found','2024-06-21 00:00:00'),(56,35,276,'Found','2024-04-21 00:00:00'),(57,315,81,'Lost','2025-04-06 00:00:00'),(58,17,87,'Lost','2025-06-15 00:00:00'),(59,765,245,'Lost','2024-12-07 00:00:00'),(60,660,293,'Found','2025-02-07 00:00:00'),(61,369,238,'Lost','2024-02-07 00:00:00'),(62,332,79,'Lost','2025-09-14 00:00:00'),(63,648,179,'Stolen','2025-07-21 00:00:00'),(64,373,272,'Found','2024-06-29 00:00:00'),(65,448,169,'Lost','2025-09-09 00:00:00'),(66,212,108,'Found','2024-07-01 00:00:00'),(67,719,99,'Lost','2024-04-12 00:00:00'),(68,795,156,'Lost','2024-11-07 00:00:00'),(69,545,63,'Found','2024-05-09 00:00:00'),(70,297,226,'Found','2025-04-12 00:00:00'),(71,255,264,'Found','2024-07-25 00:00:00'),(72,764,100,'Stolen','2025-01-07 00:00:00'),(73,24,17,'Lost','2025-06-30 00:00:00'),(74,615,161,'Found','2024-12-13 00:00:00'),(75,157,29,'Stolen','2025-05-03 00:00:00'),(76,455,22,'Stolen','2024-02-26 00:00:00'),(77,277,213,'Found','2024-09-27 00:00:00'),(78,562,100,'Stolen','2025-05-14 00:00:00'),(79,270,142,'Found','2024-02-26 00:00:00'),(80,361,132,'Found','2024-01-06 00:00:00'),(81,462,169,'Lost','2025-11-03 00:00:00'),(82,336,65,'Stolen','2024-05-15 00:00:00'),(83,589,84,'Lost','2024-07-17 00:00:00'),(84,289,186,'Stolen','2025-04-15 00:00:00'),(85,452,5,'Found','2024-08-05 00:00:00'),(86,284,203,'Found','2025-11-04 00:00:00'),(87,581,50,'Lost','2025-01-16 00:00:00'),(88,590,141,'Stolen','2024-06-28 00:00:00'),(89,732,41,'Found','2024-05-25 00:00:00'),(90,104,38,'Found','2025-12-15 00:00:00'),(91,235,275,'Found','2024-12-30 00:00:00'),(92,267,12,'Stolen','2024-09-12 00:00:00'),(93,581,6,'Found','2025-07-31 00:00:00'),(94,612,110,'Stolen','2024-01-28 00:00:00'),(95,554,266,'Lost','2025-03-25 00:00:00'),(96,756,258,'Lost','2024-11-09 00:00:00'),(97,484,142,'Stolen','2025-04-15 00:00:00'),(98,618,103,'Stolen','2024-02-22 00:00:00'),(99,19,61,'Lost','2024-05-07 00:00:00'),(100,255,161,'Found','2025-05-13 00:00:00'),(101,735,289,'Found','2024-01-05 00:00:00'),(102,96,32,'Lost','2024-02-14 00:00:00'),(103,521,265,'Stolen','2024-04-14 00:00:00'),(104,356,138,'Found','2024-06-21 00:00:00'),(105,575,74,'Found','2024-07-24 00:00:00'),(106,222,31,'Lost','2025-03-12 00:00:00'),(107,626,30,'Stolen','2025-03-29 00:00:00'),(108,278,104,'Stolen','2025-12-06 00:00:00'),(109,626,201,'Lost','2024-06-26 00:00:00'),(110,504,229,'Lost','2024-12-07 00:00:00'),(111,171,19,'Stolen','2024-10-30 00:00:00'),(112,729,73,'Lost','2024-09-02 00:00:00'),(113,317,206,'Found','2024-12-18 00:00:00'),(114,722,96,'Found','2024-09-19 00:00:00'),(115,156,283,'Stolen','2024-10-18 00:00:00'),(116,341,187,'Lost','2025-01-30 00:00:00'),(117,636,119,'Lost','2025-10-18 00:00:00'),(118,259,154,'Lost','2025-12-23 00:00:00'),(119,238,141,'Found','2025-09-15 00:00:00'),(120,290,138,'Stolen','2025-01-04 00:00:00'),(121,755,282,'Stolen','2024-05-30 00:00:00'),(122,434,135,'Lost','2025-06-11 00:00:00'),(123,464,139,'Found','2024-06-12 00:00:00'),(124,609,295,'Lost','2025-11-24 00:00:00'),(125,108,93,'Stolen','2025-05-21 00:00:00'),(126,290,164,'Found','2025-10-07 00:00:00'),(127,723,210,'Lost','2024-07-10 00:00:00'),(128,93,83,'Found','2024-01-20 00:00:00'),(129,224,285,'Stolen','2024-06-21 00:00:00'),(130,289,168,'Stolen','2024-07-12 00:00:00'),(131,189,33,'Found','2024-09-26 00:00:00'),(132,552,189,'Stolen','2024-08-28 00:00:00'),(133,670,48,'Lost','2024-07-03 00:00:00'),(134,646,88,'Lost','2025-07-23 00:00:00'),(135,68,292,'Lost','2024-01-30 00:00:00'),(136,296,208,'Stolen','2025-06-05 00:00:00'),(137,640,52,'Found','2024-03-16 00:00:00'),(138,399,198,'Stolen','2025-12-30 00:00:00'),(139,620,206,'Lost','2024-03-20 00:00:00'),(140,166,52,'Found','2024-03-13 00:00:00'),(141,204,181,'Stolen','2024-04-19 00:00:00'),(142,188,45,'Found','2025-01-13 00:00:00'),(143,568,125,'Lost','2024-09-03 00:00:00'),(144,689,240,'Lost','2025-03-10 00:00:00'),(145,324,208,'Found','2025-07-08 00:00:00'),(146,396,268,'Lost','2024-04-14 00:00:00'),(147,8,224,'Lost','2024-01-06 00:00:00'),(148,176,122,'Stolen','2024-10-26 00:00:00'),(149,155,13,'Found','2025-06-01 00:00:00'),(150,637,128,'Found','2025-11-16 00:00:00'),(151,774,92,'Found','2025-12-07 00:00:00'),(152,526,209,'Found','2024-05-09 00:00:00'),(153,68,165,'Lost','2024-06-26 00:00:00'),(154,303,88,'Stolen','2024-08-04 00:00:00'),(155,54,259,'Stolen','2025-07-16 00:00:00'),(156,578,222,'Found','2024-05-02 00:00:00'),(157,173,24,'Found','2025-02-15 00:00:00'),(158,217,290,'Stolen','2025-03-08 00:00:00'),(159,648,32,'Lost','2024-08-20 00:00:00'),(160,28,134,'Found','2025-09-01 00:00:00'),(161,265,202,'Found','2025-08-03 00:00:00'),(162,114,178,'Stolen','2025-05-02 00:00:00'),(163,701,130,'Stolen','2025-11-09 00:00:00'),(164,398,193,'Lost','2025-04-23 00:00:00'),(165,327,32,'Found','2024-12-29 00:00:00'),(166,378,243,'Lost','2025-04-10 00:00:00'),(167,699,59,'Found','2024-03-02 00:00:00'),(168,77,184,'Found','2024-05-10 00:00:00'),(169,521,272,'Stolen','2025-05-21 00:00:00'),(170,428,299,'Found','2025-02-26 00:00:00'),(171,526,296,'Lost','2024-12-23 00:00:00'),(172,736,213,'Found','2025-11-22 00:00:00'),(173,700,123,'Stolen','2024-02-06 00:00:00'),(174,92,262,'Found','2025-01-10 00:00:00'),(175,450,129,'Lost','2024-06-23 00:00:00'),(176,264,68,'Found','2025-01-29 00:00:00'),(177,115,244,'Lost','2025-03-12 00:00:00'),(178,166,71,'Lost','2024-05-28 00:00:00'),(179,46,165,'Lost','2025-07-05 00:00:00'),(180,466,219,'Lost','2025-02-16 00:00:00'),(181,127,124,'Lost','2024-03-03 00:00:00'),(182,43,3,'Lost','2024-11-08 00:00:00'),(183,710,233,'Stolen','2025-05-08 00:00:00'),(184,552,181,'Found','2025-08-30 00:00:00'),(185,200,284,'Stolen','2024-06-05 00:00:00'),(186,629,35,'Lost','2025-10-18 00:00:00'),(187,472,247,'Stolen','2025-11-12 00:00:00'),(188,166,24,'Stolen','2024-02-11 00:00:00'),(189,274,179,'Found','2025-01-27 00:00:00'),(190,662,108,'Found','2024-07-08 00:00:00'),(191,387,263,'Lost','2025-04-09 00:00:00'),(192,784,231,'Lost','2025-08-30 00:00:00'),(193,722,296,'Stolen','2025-02-10 00:00:00'),(194,55,30,'Lost','2024-02-23 00:00:00'),(195,52,3,'Lost','2024-10-17 00:00:00'),(196,93,118,'Found','2025-12-08 00:00:00'),(197,212,25,'Found','2024-01-22 00:00:00'),(198,783,229,'Found','2024-08-31 00:00:00'),(199,15,155,'Stolen','2025-10-10 00:00:00'),(200,768,244,'Stolen','2025-04-09 00:00:00'),(201,114,226,'Lost','2025-07-21 00:00:00'),(202,462,154,'Lost','2025-12-14 00:00:00'),(203,440,90,'Lost','2025-10-09 00:00:00'),(204,574,50,'Stolen','2025-03-20 00:00:00'),(205,382,207,'Lost','2025-11-20 00:00:00'),(206,549,263,'Found','2024-03-26 00:00:00'),(207,646,124,'Found','2024-11-08 00:00:00'),(208,779,281,'Lost','2025-06-19 00:00:00'),(209,513,65,'Lost','2025-08-19 00:00:00'),(210,662,270,'Lost','2025-11-05 00:00:00'),(211,641,97,'Lost','2024-08-02 00:00:00'),(212,219,183,'Lost','2025-02-03 00:00:00'),(213,514,153,'Found','2025-01-03 00:00:00'),(214,499,158,'Lost','2025-12-31 00:00:00'),(215,792,41,'Lost','2024-10-12 00:00:00'),(216,649,155,'Stolen','2024-10-15 00:00:00'),(217,662,165,'Stolen','2024-01-30 00:00:00'),(218,60,228,'Stolen','2024-01-07 00:00:00'),(219,650,15,'Stolen','2024-03-16 00:00:00'),(220,447,190,'Found','2024-11-20 00:00:00'),(221,368,153,'Stolen','2025-05-28 00:00:00'),(222,668,194,'Found','2025-10-27 00:00:00'),(223,483,296,'Stolen','2025-09-30 00:00:00'),(224,111,47,'Found','2025-05-23 00:00:00'),(225,222,165,'Stolen','2024-09-04 00:00:00'),(226,312,48,'Found','2024-07-19 00:00:00'),(227,46,188,'Stolen','2024-07-08 00:00:00'),(228,341,145,'Found','2025-03-08 00:00:00'),(229,777,30,'Lost','2024-05-18 00:00:00'),(230,387,196,'Lost','2024-02-11 00:00:00'),(231,383,176,'Lost','2024-01-30 00:00:00'),(232,657,11,'Found','2025-05-20 00:00:00'),(233,278,242,'Stolen','2024-04-29 00:00:00'),(234,210,219,'Stolen','2024-03-27 00:00:00'),(235,223,22,'Stolen','2025-09-14 00:00:00'),(236,70,35,'Stolen','2025-06-01 00:00:00'),(237,687,254,'Stolen','2024-09-23 00:00:00'),(238,427,166,'Found','2024-03-24 00:00:00'),(239,427,210,'Stolen','2024-12-06 00:00:00'),(240,548,28,'Stolen','2025-04-22 00:00:00'),(241,253,22,'Stolen','2025-04-13 00:00:00'),(242,719,234,'Stolen','2025-12-19 00:00:00'),(243,148,73,'Found','2025-07-16 00:00:00'),(244,147,72,'Found','2024-04-17 00:00:00'),(245,727,222,'Stolen','2024-06-01 00:00:00'),(246,501,291,'Lost','2025-11-20 00:00:00'),(247,124,87,'Lost','2024-08-18 00:00:00'),(248,427,281,'Lost','2024-01-22 00:00:00'),(249,780,167,'Lost','2024-04-19 00:00:00'),(250,426,265,'Found','2024-12-02 00:00:00'),(251,256,103,'Stolen','2025-03-03 00:00:00'),(252,728,27,'Stolen','2025-10-25 00:00:00'),(253,362,15,'Found','2024-09-29 00:00:00'),(254,795,234,'Stolen','2024-09-27 00:00:00'),(255,380,221,'Found','2024-10-07 00:00:00'),(256,105,192,'Found','2025-08-19 00:00:00'),(257,705,8,'Stolen','2025-04-17 00:00:00'),(258,91,210,'Stolen','2024-12-29 00:00:00'),(259,779,81,'Found','2024-04-16 00:00:00'),(260,49,68,'Found','2024-07-17 00:00:00'),(261,446,194,'Stolen','2024-04-10 00:00:00'),(262,286,265,'Found','2025-03-17 00:00:00'),(263,194,297,'Lost','2024-03-31 00:00:00'),(264,586,288,'Found','2025-02-18 00:00:00'),(265,546,46,'Found','2025-10-30 00:00:00'),(266,433,272,'Stolen','2025-03-09 00:00:00'),(267,15,69,'Stolen','2024-02-04 00:00:00'),(268,606,39,'Found','2025-10-14 00:00:00'),(269,368,230,'Stolen','2024-09-23 00:00:00'),(270,760,31,'Stolen','2024-10-09 00:00:00'),(271,561,46,'Found','2025-08-18 00:00:00'),(272,430,175,'Found','2024-09-24 00:00:00'),(273,360,173,'Lost','2025-12-30 00:00:00'),(274,83,201,'Lost','2025-12-11 00:00:00'),(275,268,200,'Found','2024-03-30 00:00:00'),(276,178,287,'Lost','2024-09-04 00:00:00'),(277,600,86,'Stolen','2025-01-18 00:00:00'),(278,138,236,'Stolen','2025-08-31 00:00:00'),(279,2,285,'Stolen','2025-01-14 00:00:00'),(280,253,276,'Lost','2025-08-29 00:00:00'),(281,67,112,'Lost','2025-06-12 00:00:00'),(282,118,100,'Stolen','2025-07-24 00:00:00'),(283,767,281,'Stolen','2025-09-15 00:00:00'),(284,79,202,'Found','2025-05-16 00:00:00'),(285,616,84,'Lost','2025-06-13 00:00:00'),(286,798,160,'Stolen','2025-03-05 00:00:00'),(287,96,105,'Lost','2024-07-17 00:00:00'),(288,156,243,'Stolen','2025-01-08 00:00:00'),(289,124,126,'Found','2025-09-23 00:00:00'),(290,570,114,'Lost','2025-12-31 00:00:00'),(291,265,195,'Found','2025-08-28 00:00:00'),(292,483,226,'Lost','2025-01-08 00:00:00'),(293,296,102,'Lost','2024-05-20 00:00:00'),(294,756,37,'Lost','2024-06-30 00:00:00'),(295,519,239,'Found','2024-10-16 00:00:00'),(296,582,26,'Found','2025-12-22 00:00:00'),(297,349,58,'Lost','2024-08-29 00:00:00'),(298,160,181,'Stolen','2025-11-16 00:00:00'),(299,724,23,'Lost','2025-02-08 00:00:00'),(300,221,290,'Lost','2024-07-11 00:00:00');
/*!40000 ALTER TABLE `reports` ENABLE KEYS */;
UNLOCK TABLES;

--
-- Table structure for table `useractivitylogs`
--

DROP TABLE IF EXISTS `useractivitylogs`;
/*!40101 SET @saved_cs_client     = @@character_set_client */;
/*!50503 SET character_set_client = utf8mb4 */;
CREATE TABLE `useractivitylogs` (
  `LogID` int NOT NULL AUTO_INCREMENT,
  `UserID` int NOT NULL,
  `ActionType` varchar(50) DEFAULT NULL,
  `ActionDate` datetime DEFAULT CURRENT_TIMESTAMP,
  `Description` text,
  PRIMARY KEY (`LogID`),
  KEY `UserID` (`UserID`),
  CONSTRAINT `useractivitylogs_ibfk_1` FOREIGN KEY (`UserID`) REFERENCES `users` (`UserID`)
) ENGINE=InnoDB AUTO_INCREMENT=104 DEFAULT CHARSET=utf8mb4 COLLATE=utf8mb4_0900_ai_ci;
/*!40101 SET character_set_client = @saved_cs_client */;

--
-- Dumping data for table `useractivitylogs`
--

LOCK TABLES `useractivitylogs` WRITE;
/*!40000 ALTER TABLE `useractivitylogs` DISABLE KEYS */;
INSERT INTO `useractivitylogs` VALUES (1,139,'Login','2025-01-30 00:00:00','User performed an action'),(2,250,'Login','2024-04-15 00:00:00','User performed an action'),(3,248,'Report Item','2024-06-29 00:00:00','User performed an action'),(4,152,'Login','2025-04-25 00:00:00','User performed an action'),(5,58,'Login','2025-06-10 00:00:00','User performed an action'),(6,236,'Search Item','2024-09-03 00:00:00','User performed an action'),(7,5,'Report Item','2024-12-18 00:00:00','User performed an action'),(8,154,'Search Item','2025-11-04 00:00:00','User performed an action'),(9,35,'Logout','2025-01-12 00:00:00','User performed an action'),(10,54,'Logout','2024-12-24 00:00:00','User performed an action'),(11,218,'Login','2024-05-19 00:00:00','User performed an action'),(12,87,'Logout','2024-08-28 00:00:00','User performed an action'),(13,158,'Search Item','2025-07-06 00:00:00','User performed an action'),(14,103,'Login','2025-05-25 00:00:00','User performed an action'),(15,183,'Search Item','2024-08-31 00:00:00','User performed an action'),(16,154,'Login','2024-10-23 00:00:00','User performed an action'),(17,9,'Search Item','2024-04-10 00:00:00','User performed an action'),(18,22,'Login','2025-04-03 00:00:00','User performed an action'),(19,212,'Logout','2025-01-10 00:00:00','User performed an action'),(20,166,'Login','2025-12-12 00:00:00','User performed an action'),(21,103,'Logout','2025-09-05 00:00:00','User performed an action'),(22,279,'Report Item','2024-04-30 00:00:00','User performed an action'),(23,21,'Report Item','2024-07-13 00:00:00','User performed an action'),(24,224,'Logout','2024-10-25 00:00:00','User performed an action'),(25,51,'Login','2025-07-26 00:00:00','User performed an action'),(26,39,'Login','2024-07-20 00:00:00','User performed an action'),(27,63,'Report Item','2024-12-23 00:00:00','User performed an action'),(28,33,'Login','2024-12-22 00:00:00','User performed an action'),(29,103,'Logout','2024-03-21 00:00:00','User performed an action'),(30,29,'Report Item','2024-03-01 00:00:00','User performed an action'),(31,3,'Logout','2024-04-12 00:00:00','User performed an action'),(32,235,'Logout','2025-08-24 00:00:00','User performed an action'),(33,174,'Report Item','2024-08-03 00:00:00','User performed an action'),(34,293,'Report Item','2024-05-24 00:00:00','User performed an action'),(35,208,'Report Item','2025-09-15 00:00:00','User performed an action'),(36,58,'Search Item','2024-07-30 00:00:00','User performed an action'),(37,130,'Login','2025-03-07 00:00:00','User performed an action'),(38,296,'Report Item','2024-09-08 00:00:00','User performed an action'),(39,299,'Report Item','2025-05-27 00:00:00','User performed an action'),(40,297,'Login','2025-09-11 00:00:00','User performed an action'),(41,106,'Logout','2024-01-02 00:00:00','User performed an action'),(42,28,'Search Item','2024-04-18 00:00:00','User performed an action'),(43,9,'Report Item','2024-01-11 00:00:00','User performed an action'),(44,27,'Search Item','2024-11-23 00:00:00','User performed an action'),(45,230,'Login','2024-08-26 00:00:00','User performed an action'),(46,83,'Login','2025-11-05 00:00:00','User performed an action'),(47,132,'Login','2025-07-24 00:00:00','User performed an action'),(48,7,'Search Item','2025-02-24 00:00:00','User performed an action'),(49,194,'Search Item','2024-01-08 00:00:00','User performed an action'),(50,163,'Report Item','2025-11-20 00:00:00','User performed an action'),(51,87,'Login','2025-10-12 00:00:00','User performed an action'),(52,120,'Login','2024-05-20 00:00:00','User performed an action'),(53,104,'Search Item','2024-09-30 00:00:00','User performed an action'),(54,217,'Report Item','2025-08-07 00:00:00','User performed an action'),(55,282,'Login','2025-03-04 00:00:00','User performed an action'),(56,186,'Login','2024-08-10 00:00:00','User performed an action'),(57,145,'Login','2025-06-19 00:00:00','User performed an action'),(58,146,'Search Item','2025-05-28 00:00:00','User performed an action'),(59,288,'Login','2024-01-01 00:00:00','User performed an action'),(60,165,'Report Item','2025-09-27 00:00:00','User performed an action'),(61,33,'Logout','2024-07-27 00:00:00','User performed an action'),(62,198,'Logout','2025-12-11 00:00:00','User performed an action'),(63,54,'Logout','2025-06-07 00:00:00','User performed an action'),(64,211,'Logout','2025-06-24 00:00:00','User performed an action'),(65,113,'Report Item','2024-03-04 00:00:00','User performed an action'),(66,142,'Search Item','2024-04-21 00:00:00','User performed an action'),(67,146,'Logout','2024-04-04 00:00:00','User performed an action'),(68,159,'Report Item','2025-05-23 00:00:00','User performed an action'),(69,115,'Report Item','2024-05-23 00:00:00','User performed an action'),(70,70,'Search Item','2025-04-22 00:00:00','User performed an action'),(71,139,'Logout','2024-04-15 00:00:00','User performed an action'),(72,121,'Login','2024-07-21 00:00:00','User performed an action'),(73,14,'Login','2025-11-16 00:00:00','User performed an action'),(74,130,'Search Item','2025-08-11 00:00:00','User performed an action'),(75,33,'Report Item','2024-02-28 00:00:00','User performed an action'),(76,164,'Login','2025-01-01 00:00:00','User performed an action'),(77,119,'Logout','2025-08-05 00:00:00','User performed an action'),(78,132,'Search Item','2024-06-12 00:00:00','User performed an action'),(79,82,'Logout','2024-06-17 00:00:00','User performed an action'),(80,56,'Logout','2024-12-22 00:00:00','User performed an action'),(81,254,'Logout','2025-09-27 00:00:00','User performed an action'),(82,98,'Search Item','2024-12-26 00:00:00','User performed an action'),(83,286,'Search Item','2025-03-15 00:00:00','User performed an action'),(84,43,'Logout','2024-06-13 00:00:00','User performed an action'),(85,129,'Search Item','2025-10-30 00:00:00','User performed an action'),(86,96,'Login','2024-01-16 00:00:00','User performed an action'),(87,249,'Login','2024-10-16 00:00:00','User performed an action'),(88,173,'Report Item','2025-09-12 00:00:00','User performed an action'),(89,169,'Logout','2024-03-29 00:00:00','User performed an action'),(90,166,'Search Item','2025-11-25 00:00:00','User performed an action'),(91,226,'Report Item','2024-07-11 00:00:00','User performed an action'),(92,110,'Logout','2025-04-27 00:00:00','User performed an action'),(93,261,'Logout','2025-03-22 00:00:00','User performed an action'),(94,55,'Report Item','2024-08-04 00:00:00','User performed an action'),(95,43,'Search Item','2024-11-09 00:00:00','User performed an action'),(96,270,'Login','2025-05-30 00:00:00','User performed an action'),(97,28,'Search Item','2025-09-04 00:00:00','User performed an action'),(98,163,'Logout','2025-06-28 00:00:00','User performed an action'),(99,145,'Login','2024-07-27 00:00:00','User performed an action'),(100,238,'Login','2024-09-22 00:00:00','User performed an action'),(101,302,'Reported Item','2026-01-10 09:30:15','User reported item: Mobile as Lost'),(102,303,'Reported Item','2026-01-10 09:34:49','User reported item: Airpods as Lost'),(103,304,'Reported Item','2026-01-10 09:39:16','User reported item: Wallet as Lost');
/*!40000 ALTER TABLE `useractivitylogs` ENABLE KEYS */;
UNLOCK TABLES;

--
-- Table structure for table `userroles`
--

DROP TABLE IF EXISTS `userroles`;
/*!40101 SET @saved_cs_client     = @@character_set_client */;
/*!50503 SET character_set_client = utf8mb4 */;
CREATE TABLE `userroles` (
  `RoleID` int NOT NULL AUTO_INCREMENT,
  `RoleName` varchar(50) NOT NULL,
  PRIMARY KEY (`RoleID`),
  UNIQUE KEY `RoleName` (`RoleName`)
) ENGINE=InnoDB AUTO_INCREMENT=5 DEFAULT CHARSET=utf8mb4 COLLATE=utf8mb4_0900_ai_ci;
/*!40101 SET character_set_client = @saved_cs_client */;

--
-- Dumping data for table `userroles`
--

LOCK TABLES `userroles` WRITE;
/*!40000 ALTER TABLE `userroles` DISABLE KEYS */;
INSERT INTO `userroles` VALUES (1,'Admin'),(4,'Community Member'),(2,'Moderator'),(3,'Regular User');
/*!40000 ALTER TABLE `userroles` ENABLE KEYS */;
UNLOCK TABLES;

--
-- Table structure for table `users`
--

DROP TABLE IF EXISTS `users`;
/*!40101 SET @saved_cs_client     = @@character_set_client */;
/*!50503 SET character_set_client = utf8mb4 */;
CREATE TABLE `users` (
  `UserID` int NOT NULL AUTO_INCREMENT,
  `Name` varchar(100) NOT NULL,
  `Contact` varchar(50) DEFAULT NULL,
  `Location` varchar(100) DEFAULT NULL,
  `RoleID` int NOT NULL,
  `Email` varchar(100) DEFAULT NULL,
  `CreatedAt` datetime DEFAULT CURRENT_TIMESTAMP,
  PRIMARY KEY (`UserID`),
  UNIQUE KEY `Email` (`Email`),
  KEY `RoleID` (`RoleID`),
  CONSTRAINT `users_ibfk_1` FOREIGN KEY (`RoleID`) REFERENCES `userroles` (`RoleID`)
) ENGINE=InnoDB AUTO_INCREMENT=305 DEFAULT CHARSET=utf8mb4 COLLATE=utf8mb4_0900_ai_ci;
/*!40101 SET character_set_client = @saved_cs_client */;

--
-- Dumping data for table `users`
--

LOCK TABLES `users` WRITE;
/*!40000 ALTER TABLE `users` DISABLE KEYS */;
INSERT INTO `users` VALUES (1,'Neha Patel','+92-3251768422','Faisalabad',1,'nehapatel1187@gmail.com','2026-01-10 14:08:57'),(2,'Maryam Nair','+91-7165312956','Lahore',1,'maryamnair7306@gmail.com','2026-01-10 14:08:57'),(3,'Zara Kumar','+91-9618299462','Lahore',1,'zarakumar8563@gmail.com','2026-01-10 14:08:57'),(4,'Aisha Patel','+92-3607099585','Multan',1,'aishapatel1990@gmail.com','2026-01-10 14:08:57'),(5,'Maryam Shah','+91-9570628797','Lahore',1,'maryamshah7939@gmail.com','2026-01-10 14:08:57'),(6,'Bilal Shah','+92-3308436724','Quetta',3,'bilalshah6073@gmail.com','2026-01-10 14:08:57'),(7,'Priya Shah','+92-3271909557','Mumbai',3,'priyashah9316@gmail.com','2026-01-10 14:08:57'),(8,'Ananya Hussain','+92-3570786748','Hyderabad',3,'ananyahussain7022@gmail.com','2026-01-10 14:08:57'),(9,'Rohan Nair','+91-7908816313','Peshawar',3,'rohannair2182@gmail.com','2026-01-10 14:08:57'),(10,'Fatima Mishra','+92-3244420029','Faisalabad',3,'fatimamishra2256@gmail.com','2026-01-10 14:08:57'),(11,'Ananya Mishra','+92-3812071416','Delhi',3,'ananyamishra8610@gmail.com','2026-01-10 14:08:57'),(12,'Rohan Malik','+91-7298801784','Surat',3,'rohanmalik3531@gmail.com','2026-01-10 14:08:57'),(13,'Omar Qureshi','+92-3172711382','Multan',3,'omarqureshi8080@gmail.com','2026-01-10 14:08:57'),(14,'Hassan Fernandes','+92-3024732448','Jaipur',3,'hassanfernandes523@gmail.com','2026-01-10 14:08:57'),(15,'Sai Hussain','+92-3624472852','Pune',3,'saihussain6863@gmail.com','2026-01-10 14:08:57'),(16,'Sana Chaudhry','+91-8115535614','Jaipur',3,'sanachaudhry7184@gmail.com','2026-01-10 14:08:57'),(17,'Neha Chaudhry','+92-3156315589','Faisalabad',3,'nehachaudhry7326@gmail.com','2026-01-10 14:08:57'),(18,'Hina Verma','+92-3782378045','Surat',3,'hinaverma9892@gmail.com','2026-01-10 14:08:57'),(19,'Priya Patel','+92-3851595962','Peshawar',3,'priyapatel9289@gmail.com','2026-01-10 14:08:57'),(20,'Muhammad Khan','+91-8940077383','Karachi',3,'muhammadkhan8718@gmail.com','2026-01-10 14:08:57'),(21,'Sana Patel','+91-7016866228','Surat',3,'sanapatel4423@gmail.com','2026-01-10 14:08:57'),(22,'Ahmed Hussain','+91-8917235787','Pune',3,'ahmedhussain4009@gmail.com','2026-01-10 14:08:57'),(23,'Maryam Shah','+91-9474147587','Kolkata',3,'maryamshah301@gmail.com','2026-01-10 14:08:57'),(24,'Ahmed Nair','+92-3794944475','Islamabad',3,'ahmednair7912@gmail.com','2026-01-10 14:08:57'),(25,'Neha Hussain','+91-8473572303','Jaipur',3,'nehahussain5608@gmail.com','2026-01-10 14:08:57'),(26,'Fatima Ali','+92-3724493403','Quetta',3,'fatimaali2432@gmail.com','2026-01-10 14:08:57'),(27,'Maryam Sharma','+91-9521177241','Bangalore',3,'maryamsharma2012@gmail.com','2026-01-10 14:08:57'),(28,'Ananya Mishra','+92-3783224057','Faisalabad',3,'ananyamishra820@gmail.com','2026-01-10 14:08:57'),(29,'Ahmed Nair','+91-9965839846','Bangalore',3,'ahmednair2047@gmail.com','2026-01-10 14:08:57'),(30,'Aditya Patel','+91-8811111338','Jaipur',3,'adityapatel3000@gmail.com','2026-01-10 14:08:57'),(31,'Aisha Nair','+91-9366331721','Kolkata',3,'aishanair2550@gmail.com','2026-01-10 14:08:57'),(32,'Zainab Kumar','+92-3586647685','Bangalore',3,'zainabkumar7107@gmail.com','2026-01-10 14:08:57'),(33,'Arjun Malik','+92-3973938080','Delhi',3,'arjunmalik5057@gmail.com','2026-01-10 14:08:57'),(34,'Muhammad Verma','+91-9003503890','Islamabad',3,'muhammadverma5185@gmail.com','2026-01-10 14:08:57'),(35,'Vikram Fernandes','+92-3758528191','Hyderabad',3,'vikramfernandes8785@gmail.com','2026-01-10 14:08:57'),(36,'Hina Ali','+92-3658011557','Gujranwala',3,'hinaali3085@gmail.com','2026-01-10 14:08:57'),(37,'Bilal Malik','+91-7883589568','Kolkata',3,'bilalmalik1273@gmail.com','2026-01-10 14:08:57'),(38,'Maryam Reddy','+91-8668259201','Bangalore',3,'maryamreddy2996@gmail.com','2026-01-10 14:08:57'),(39,'Aditya Singh','+92-3966583589','Gujranwala',3,'adityasingh4456@gmail.com','2026-01-10 14:08:57'),(40,'Omar Patel','+92-3707542443','Multan',3,'omarpatel1800@gmail.com','2026-01-10 14:08:57'),(41,'Aarav Nair','+91-9096272853','Quetta',3,'aaravnair9474@gmail.com','2026-01-10 14:08:57'),(42,'Aditya Raza','+91-8783446931','Ahmedabad',3,'adityaraza288@gmail.com','2026-01-10 14:08:57'),(43,'Vihaan Fernandes','+92-3746243847','Bangalore',3,'vihaanfernandes5095@gmail.com','2026-01-10 14:08:57'),(44,'Ahmed Nair','+92-3014033854','Kolkata',3,'ahmednair7894@gmail.com','2026-01-10 14:08:57'),(45,'Fatima Mishra','+91-7067904861','Quetta',3,'fatimamishra4036@gmail.com','2026-01-10 14:08:57'),(46,'Zainab Kumar','+92-3062208513','Rawalpindi',3,'zainabkumar1222@gmail.com','2026-01-10 14:08:57'),(47,'Vihaan Sharma','+91-8705482514','Lahore',3,'vihaansharma5703@gmail.com','2026-01-10 14:08:57'),(48,'Diya Mishra','+91-8207207524','Multan',3,'diyamishra3023@gmail.com','2026-01-10 14:08:57'),(49,'Arjun Hussain','+91-8524830154','Quetta',3,'arjunhussain9995@gmail.com','2026-01-10 14:08:57'),(50,'Priya Nair','+92-3245884510','Bangalore',3,'priyanair4376@gmail.com','2026-01-10 14:08:57'),(51,'Omar Malik','+91-9835118121','Delhi',3,'omarmalik2918@gmail.com','2026-01-10 14:08:57'),(52,'Vihaan Verma','+92-3114017458','Lahore',3,'vihaanverma9155@gmail.com','2026-01-10 14:08:57'),(53,'Maryam Gupta','+91-9029313848','Lahore',3,'maryamgupta2090@gmail.com','2026-01-10 14:08:57'),(54,'Hamza Ahmed','+91-8408490095','Surat',3,'hamzaahmed8582@gmail.com','2026-01-10 14:08:57'),(55,'Zainab Sharma','+91-9105661342','Bangalore',3,'zainabsharma9259@gmail.com','2026-01-10 14:08:57'),(56,'Rahul Singh','+92-3490824766','Faisalabad',3,'rahulsingh4190@gmail.com','2026-01-10 14:08:57'),(57,'Rohan Reddy','+91-9337662198','Lahore',3,'rohanreddy6852@gmail.com','2026-01-10 14:08:57'),(58,'Rahul Qureshi','+92-3220941484','Mumbai',3,'rahulqureshi530@gmail.com','2026-01-10 14:08:57'),(59,'Omar Ali','+91-8615251701','Lahore',3,'omarali2933@gmail.com','2026-01-10 14:08:57'),(60,'Hina Khan','+92-3560660645','Jaipur',3,'hinakhan4128@gmail.com','2026-01-10 14:08:57'),(61,'Hassan Gupta','+91-9572348551','Ahmedabad',3,'hassangupta3329@gmail.com','2026-01-10 14:08:57'),(62,'Hassan Patel','+91-7145840411','Islamabad',3,'hassanpatel1541@gmail.com','2026-01-10 14:08:57'),(63,'Omar Khan','+91-9741248358','Ahmedabad',3,'omarkhan6489@gmail.com','2026-01-10 14:08:57'),(64,'Zara Qureshi','+92-3429047041','Hyderabad',3,'zaraqureshi2003@gmail.com','2026-01-10 14:08:57'),(65,'Rohan Fernandes','+92-3830554578','Mumbai',3,'rohanfernandes3370@gmail.com','2026-01-10 14:08:57'),(66,'Maryam Chaudhry','+92-3706607541','Hyderabad',3,'maryamchaudhry5007@gmail.com','2026-01-10 14:08:57'),(67,'Usman Ahmed','+92-3826296049','Multan',3,'usmanahmed5497@gmail.com','2026-01-10 14:08:57'),(68,'Usman Verma','+92-3794573584','Lahore',3,'usmanverma8876@gmail.com','2026-01-10 14:08:57'),(69,'Priya Mishra','+92-3828203251','Karachi',3,'priyamishra6003@gmail.com','2026-01-10 14:08:57'),(70,'Amit Patel','+92-3730698964','Ahmedabad',3,'amitpatel7333@gmail.com','2026-01-10 14:08:57'),(71,'Kiran Ahmed','+92-3394204010','Gujranwala',3,'kiranahmed5569@gmail.com','2026-01-10 14:08:57'),(72,'Aarav Hussain','+91-8705312237','Gujranwala',3,'aaravhussain9160@gmail.com','2026-01-10 14:08:57'),(73,'Omar Qureshi','+92-3858987477','Ahmedabad',3,'omarqureshi6825@gmail.com','2026-01-10 14:08:57'),(74,'Priya Hussain','+92-3584853427','Lahore',3,'priyahussain6763@gmail.com','2026-01-10 14:08:57'),(75,'Sana Khan','+91-7794779231','Bangalore',3,'sanakhan6472@gmail.com','2026-01-10 14:08:57'),(76,'Sai Shah','+92-3047036319','Islamabad',3,'saishah2008@gmail.com','2026-01-10 14:08:57'),(77,'Bilal Reddy','+92-3320274085','Gujranwala',3,'bilalreddy5230@gmail.com','2026-01-10 14:08:57'),(78,'Zainab Fernandes','+91-9505785706','Islamabad',3,'zainabfernandes9196@gmail.com','2026-01-10 14:08:57'),(79,'Fatima Hussain','+91-8150152957','Gujranwala',3,'fatimahussain6401@gmail.com','2026-01-10 14:08:57'),(80,'Rohan Chaudhry','+91-7283916456','Peshawar',3,'rohanchaudhry5035@gmail.com','2026-01-10 14:08:57'),(81,'Diya Mishra','+91-8993105131','Pune',3,'diyamishra6807@gmail.com','2026-01-10 14:08:57'),(82,'Aditya Raza','+92-3340905910','Quetta',3,'adityaraza2051@gmail.com','2026-01-10 14:08:57'),(83,'Bilal Qureshi','+92-3724553454','Bangalore',3,'bilalqureshi4646@gmail.com','2026-01-10 14:08:57'),(84,'Diya Mishra','+92-3702080599','Peshawar',3,'diyamishra8909@gmail.com','2026-01-10 14:08:57'),(85,'Fatima Qureshi','+92-3841764607','Surat',3,'fatimaqureshi4432@gmail.com','2026-01-10 14:08:57'),(86,'Sai Malik','+91-8354461026','Pune',3,'saimalik1826@gmail.com','2026-01-10 14:08:57'),(87,'Omar Raza','+91-8755761651','Gujranwala',3,'omarraza9848@gmail.com','2026-01-10 14:08:57'),(88,'Neha Verma','+92-3616769641','Hyderabad',3,'nehaverma6927@gmail.com','2026-01-10 14:08:57'),(89,'Zara Raza','+91-7519781230','Mumbai',3,'zararaza171@gmail.com','2026-01-10 14:08:57'),(90,'Maryam Fernandes','+91-9604451435','Rawalpindi',3,'maryamfernandes556@gmail.com','2026-01-10 14:08:57'),(91,'Sai Qureshi','+92-3826165220','Delhi',3,'saiqureshi5498@gmail.com','2026-01-10 14:08:57'),(92,'Diya Khan','+92-3131231444','Karachi',3,'diyakhan1819@gmail.com','2026-01-10 14:08:57'),(93,'Aarav Khan','+91-9984895657','Mumbai',3,'aaravkhan7654@gmail.com','2026-01-10 14:08:57'),(94,'Reyansh Verma','+92-3471425444','Peshawar',3,'reyanshverma5164@gmail.com','2026-01-10 14:08:57'),(95,'Hamza Ahmed','+91-8077236350','Hyderabad',3,'hamzaahmed6201@gmail.com','2026-01-10 14:08:57'),(96,'Rohan Hussain','+91-8787725471','Peshawar',3,'rohanhussain4722@gmail.com','2026-01-10 14:08:57'),(97,'Reyansh Khan','+91-9986352640','Gujranwala',3,'reyanshkhan1663@gmail.com','2026-01-10 14:08:57'),(98,'Vihaan Hussain','+92-3234916255','Ahmedabad',3,'vihaanhussain5589@gmail.com','2026-01-10 14:08:57'),(99,'Priya Singh','+91-7681013353','Faisalabad',3,'priyasingh6084@gmail.com','2026-01-10 14:08:57'),(100,'Aditya Fernandes','+92-3338614233','Bangalore',3,'adityafernandes9885@gmail.com','2026-01-10 14:08:57'),(101,'Sana Mishra','+92-3448956811','Gujranwala',3,'sanamishra1193@gmail.com','2026-01-10 14:08:57'),(102,'Hamza Nair','+92-3836021842','Faisalabad',3,'hamzanair9577@gmail.com','2026-01-10 14:08:57'),(103,'Bilal Chaudhry','+92-3251649192','Peshawar',3,'bilalchaudhry4265@gmail.com','2026-01-10 14:08:57'),(104,'Aditya Nair','+92-3743971468','Gujranwala',3,'adityanair4415@gmail.com','2026-01-10 14:08:57'),(105,'Zara Patel','+91-7680136764','Kolkata',3,'zarapatel351@gmail.com','2026-01-10 14:08:57'),(106,'Vikram Verma','+91-7971112434','Chennai',3,'vikramverma8711@gmail.com','2026-01-10 14:08:57'),(107,'Vikram Reddy','+92-3324204961','Quetta',3,'vikramreddy2367@gmail.com','2026-01-10 14:08:57'),(108,'Rahul Kumar','+92-3093325623','Surat',3,'rahulkumar867@gmail.com','2026-01-10 14:08:57'),(109,'Zainab Singh','+91-9361149417','Pune',3,'zainabsingh9045@gmail.com','2026-01-10 14:08:57'),(110,'Ahmed Patel','+91-9391971233','Surat',3,'ahmedpatel9115@gmail.com','2026-01-10 14:08:57'),(111,'Rohan Singh','+92-3439792464','Ahmedabad',3,'rohansingh143@gmail.com','2026-01-10 14:08:57'),(112,'Diya Mishra','+91-8742414749','Mumbai',3,'diyamishra7787@gmail.com','2026-01-10 14:08:57'),(113,'Aarav Malik','+91-9316726970','Mumbai',3,'aaravmalik3757@gmail.com','2026-01-10 14:08:57'),(114,'Rohan Mishra','+92-3610484328','Delhi',3,'rohanmishra783@gmail.com','2026-01-10 14:08:57'),(115,'Sai Fernandes','+92-3379447739','Chennai',3,'saifernandes9393@gmail.com','2026-01-10 14:08:57'),(116,'Omar Malik','+91-8512495329','Hyderabad',3,'omarmalik3455@gmail.com','2026-01-10 14:08:57'),(117,'Priya Reddy','+91-9997297123','Peshawar',3,'priyareddy8981@gmail.com','2026-01-10 14:08:57'),(118,'Aarav Kumar','+92-3615373217','Hyderabad',3,'aaravkumar1079@gmail.com','2026-01-10 14:08:57'),(119,'Muhammad Reddy','+91-8700723143','Multan',3,'muhammadreddy8039@gmail.com','2026-01-10 14:08:57'),(120,'Neha Kumar','+91-8296995678','Peshawar',3,'nehakumar8584@gmail.com','2026-01-10 14:08:57'),(121,'Maryam Chaudhry','+91-7353343895','Jaipur',3,'maryamchaudhry7959@gmail.com','2026-01-10 14:08:57'),(122,'Usman Shah','+92-3291948854','Ahmedabad',3,'usmanshah7120@gmail.com','2026-01-10 14:08:57'),(123,'Zara Patel','+92-3635423249','Kolkata',3,'zarapatel92@gmail.com','2026-01-10 14:08:57'),(124,'Kiran Nair','+91-7203942912','Ahmedabad',3,'kirannair3929@gmail.com','2026-01-10 14:08:57'),(125,'Aarav Khan','+91-8795909505','Rawalpindi',3,'aaravkhan9769@gmail.com','2026-01-10 14:08:57'),(126,'Hamza Nair','+92-3659364026','Gujranwala',3,'hamzanair6705@gmail.com','2026-01-10 14:08:57'),(127,'Maryam Sharma','+91-8792370054','Lahore',3,'maryamsharma1036@gmail.com','2026-01-10 14:08:57'),(128,'Sana Khan','+91-8445944738','Gujranwala',3,'sanakhan3238@gmail.com','2026-01-10 14:08:57'),(129,'Aditya Patel','+92-3113437483','Quetta',3,'adityapatel5257@gmail.com','2026-01-10 14:08:57'),(130,'Sai Mishra','+92-3222380260','Bangalore',3,'saimishra5871@gmail.com','2026-01-10 14:08:57'),(131,'Rohan Sharma','+92-3252777260','Rawalpindi',3,'rohansharma4527@gmail.com','2026-01-10 14:08:57'),(132,'Reyansh Verma','+92-3590416901','Gujranwala',3,'reyanshverma7191@gmail.com','2026-01-10 14:08:57'),(133,'Muhammad Qureshi','+92-3236388513','Peshawar',3,'muhammadqureshi3708@gmail.com','2026-01-10 14:08:57'),(134,'Zainab Ahmed','+91-8447428126','Gujranwala',3,'zainabahmed1168@gmail.com','2026-01-10 14:08:57'),(135,'Maryam Sharma','+91-9480832556','Surat',3,'maryamsharma3335@gmail.com','2026-01-10 14:08:57'),(136,'Usman Shah','+91-7737512655','Mumbai',3,'usmanshah3854@gmail.com','2026-01-10 14:08:57'),(137,'Bilal Kumar','+92-3414351013','Quetta',3,'bilalkumar5551@gmail.com','2026-01-10 14:08:57'),(138,'Fatima Sharma','+92-3437288532','Quetta',3,'fatimasharma2091@gmail.com','2026-01-10 14:08:57'),(139,'Vikram Sharma','+91-9460533071','Rawalpindi',3,'vikramsharma596@gmail.com','2026-01-10 14:08:57'),(140,'Usman Patel','+91-8659379507','Kolkata',3,'usmanpatel5729@gmail.com','2026-01-10 14:08:57'),(141,'Ahmed Singh','+91-7179923156','Lahore',3,'ahmedsingh119@gmail.com','2026-01-10 14:08:57'),(142,'Muhammad Malik','+91-8821165529','Mumbai',3,'muhammadmalik5249@gmail.com','2026-01-10 14:08:57'),(143,'Amit Reddy','+92-3770478245','Karachi',3,'amitreddy2219@gmail.com','2026-01-10 14:08:57'),(144,'Amit Kumar','+92-3091502172','Surat',3,'amitkumar9899@gmail.com','2026-01-10 14:08:57'),(145,'Zainab Chaudhry','+91-8665738335','Delhi',3,'zainabchaudhry1594@gmail.com','2026-01-10 14:08:57'),(146,'Kiran Verma','+91-8574533281','Delhi',3,'kiranverma9582@gmail.com','2026-01-10 14:08:57'),(147,'Hina Verma','+92-3631471392','Delhi',3,'hinaverma2869@gmail.com','2026-01-10 14:08:57'),(148,'Aarav Kumar','+91-8541174006','Pune',3,'aaravkumar6665@gmail.com','2026-01-10 14:08:57'),(149,'Muhammad Patel','+91-9115871764','Chennai',3,'muhammadpatel1188@gmail.com','2026-01-10 14:08:57'),(150,'Neha Verma','+92-3458829387','Mumbai',3,'nehaverma7952@gmail.com','2026-01-10 14:08:57'),(151,'Priya Mishra','+91-9733802930','Rawalpindi',3,'priyamishra5888@gmail.com','2026-01-10 14:08:57'),(152,'Ahmed Khan','+92-3210045080','Hyderabad',3,'ahmedkhan8252@gmail.com','2026-01-10 14:08:57'),(153,'Rahul Verma','+92-3657740934','Kolkata',3,'rahulverma6274@gmail.com','2026-01-10 14:08:57'),(154,'Rahul Singh','+92-3428619468','Lahore',3,'rahulsingh6240@gmail.com','2026-01-10 14:08:57'),(155,'Diya Mishra','+92-3892185171','Rawalpindi',3,'diyamishra5224@gmail.com','2026-01-10 14:08:57'),(156,'Aditya Raza','+91-9647704636','Gujranwala',3,'adityaraza6637@gmail.com','2026-01-10 14:08:57'),(157,'Zara Nair','+91-8460716958','Multan',3,'zaranair873@gmail.com','2026-01-10 14:08:57'),(158,'Zara Verma','+92-3781278996','Hyderabad',3,'zaraverma2587@gmail.com','2026-01-10 14:08:57'),(159,'Rohan Malik','+91-8504322055','Faisalabad',3,'rohanmalik4836@gmail.com','2026-01-10 14:08:57'),(160,'Zainab Reddy','+91-9916792714','Karachi',3,'zainabreddy8300@gmail.com','2026-01-10 14:08:57'),(161,'Fatima Sharma','+92-3321562981','Multan',3,'fatimasharma9364@gmail.com','2026-01-10 14:08:57'),(162,'Priya Khan','+91-7891912285','Islamabad',3,'priyakhan4924@gmail.com','2026-01-10 14:08:57'),(163,'Aisha Nair','+92-3495350074','Chennai',3,'aishanair405@gmail.com','2026-01-10 14:08:57'),(164,'Kiran Kumar','+92-3875558459','Islamabad',3,'kirankumar8614@gmail.com','2026-01-10 14:08:57'),(165,'Zainab Ahmed','+92-3605948092','Peshawar',3,'zainabahmed9014@gmail.com','2026-01-10 14:08:57'),(166,'Aditya Gupta','+91-9268602622','Hyderabad',3,'adityagupta1459@gmail.com','2026-01-10 14:08:57'),(167,'Usman Verma','+92-3287273198','Pune',3,'usmanverma6190@gmail.com','2026-01-10 14:08:57'),(168,'Sai Chaudhry','+92-3113680956','Quetta',3,'saichaudhry693@gmail.com','2026-01-10 14:08:57'),(169,'Vikram Verma','+92-3626866676','Chennai',3,'vikramverma3654@gmail.com','2026-01-10 14:08:57'),(170,'Reyansh Kumar','+92-3429817678','Faisalabad',3,'reyanshkumar4985@gmail.com','2026-01-10 14:08:57'),(171,'Priya Hussain','+91-8904861707','Multan',3,'priyahussain3672@gmail.com','2026-01-10 14:08:57'),(172,'Hassan Chaudhry','+91-7702352028','Surat',3,'hassanchaudhry9597@gmail.com','2026-01-10 14:08:57'),(173,'Fatima Raza','+91-9622253808','Hyderabad',3,'fatimaraza8402@gmail.com','2026-01-10 14:08:57'),(174,'Amit Qureshi','+92-3860800378','Faisalabad',3,'amitqureshi2001@gmail.com','2026-01-10 14:08:57'),(175,'Diya Fernandes','+92-3026085639','Hyderabad',3,'diyafernandes4375@gmail.com','2026-01-10 14:08:57'),(176,'Aisha Raza','+92-3287720396','Multan',3,'aisharaza8048@gmail.com','2026-01-10 14:08:57'),(177,'Hamza Hussain','+91-8813385773','Hyderabad',3,'hamzahussain5268@gmail.com','2026-01-10 14:08:57'),(178,'Zainab Kumar','+92-3438589574','Islamabad',3,'zainabkumar9558@gmail.com','2026-01-10 14:08:57'),(179,'Bilal Kumar','+92-3084919895','Gujranwala',3,'bilalkumar7077@gmail.com','2026-01-10 14:08:57'),(180,'Ahmed Gupta','+92-3623863558','Karachi',3,'ahmedgupta4656@gmail.com','2026-01-10 14:08:57'),(181,'Rahul Verma','+92-3627665422','Peshawar',3,'rahulverma6263@gmail.com','2026-01-10 14:08:57'),(182,'Priya Qureshi','+91-7369680159','Peshawar',3,'priyaqureshi1427@gmail.com','2026-01-10 14:08:57'),(183,'Muhammad Malik','+92-3550000054','Lahore',3,'muhammadmalik9997@gmail.com','2026-01-10 14:08:57'),(184,'Kiran Hussain','+91-9566453367','Mumbai',3,'kiranhussain9995@gmail.com','2026-01-10 14:08:57'),(185,'Maryam Fernandes','+92-3828654689','Ahmedabad',3,'maryamfernandes2883@gmail.com','2026-01-10 14:08:57'),(186,'Hamza Kumar','+91-7575106878','Surat',3,'hamzakumar712@gmail.com','2026-01-10 14:08:57'),(187,'Rohan Malik','+91-8522933274','Hyderabad',3,'rohanmalik7351@gmail.com','2026-01-10 14:08:57'),(188,'Sana Patel','+91-8095045748','Bangalore',3,'sanapatel6008@gmail.com','2026-01-10 14:08:57'),(189,'Ananya Gupta','+91-7281537076','Bangalore',3,'ananyagupta5554@gmail.com','2026-01-10 14:08:57'),(190,'Muhammad Sharma','+92-3908896159','Faisalabad',3,'muhammadsharma5557@gmail.com','2026-01-10 14:08:57'),(191,'Aisha Singh','+91-8594849981','Mumbai',3,'aishasingh1706@gmail.com','2026-01-10 14:08:57'),(192,'Rahul Shah','+91-8850849915','Kolkata',3,'rahulshah2875@gmail.com','2026-01-10 14:08:57'),(193,'Aditya Mishra','+92-3879933732','Bangalore',3,'adityamishra3957@gmail.com','2026-01-10 14:08:57'),(194,'Hamza Kumar','+92-3693203312','Lahore',3,'hamzakumar6396@gmail.com','2026-01-10 14:08:57'),(195,'Rahul Ahmed','+91-9970974182','Kolkata',3,'rahulahmed7025@gmail.com','2026-01-10 14:08:57'),(196,'Ananya Reddy','+92-3684870996','Karachi',3,'ananyareddy2848@gmail.com','2026-01-10 14:08:57'),(197,'Aisha Malik','+91-7246845543','Lahore',3,'aishamalik3402@gmail.com','2026-01-10 14:08:57'),(198,'Bilal Khan','+92-3866304137','Islamabad',3,'bilalkhan6943@gmail.com','2026-01-10 14:08:57'),(199,'Hassan Fernandes','+91-9925596849','Pune',3,'hassanfernandes3971@gmail.com','2026-01-10 14:08:57'),(200,'Omar Mishra','+92-3049487770','Kolkata',3,'omarmishra3344@gmail.com','2026-01-10 14:08:57'),(201,'Rahul Patel','+92-3026665267','Pune',3,'rahulpatel7467@gmail.com','2026-01-10 14:08:57'),(202,'Aarav Raza','+91-9988866304','Delhi',3,'aaravraza230@gmail.com','2026-01-10 14:08:57'),(203,'Omar Fernandes','+92-3866480031','Surat',3,'omarfernandes3753@gmail.com','2026-01-10 14:08:57'),(204,'Aarav Reddy','+91-7404238460','Surat',3,'aaravreddy3613@gmail.com','2026-01-10 14:08:57'),(205,'Rohan Singh','+92-3298225666','Jaipur',3,'rohansingh335@gmail.com','2026-01-10 14:08:57'),(206,'Omar Patel','+91-9002177159','Multan',3,'omarpatel8389@gmail.com','2026-01-10 14:08:57'),(207,'Rohan Malik','+91-7812132450','Bangalore',3,'rohanmalik473@gmail.com','2026-01-10 14:08:57'),(208,'Rohan Fernandes','+92-3519667388','Faisalabad',3,'rohanfernandes6088@gmail.com','2026-01-10 14:08:57'),(209,'Muhammad Chaudhry','+91-7243973550','Islamabad',3,'muhammadchaudhry1847@gmail.com','2026-01-10 14:08:57'),(210,'Aarav Sharma','+92-3403242722','Multan',3,'aaravsharma5411@gmail.com','2026-01-10 14:08:57'),(211,'Ananya Ahmed','+92-3810275324','Karachi',3,'ananyaahmed5906@gmail.com','2026-01-10 14:08:57'),(212,'Usman Chaudhry','+92-3322777662','Quetta',3,'usmanchaudhry902@gmail.com','2026-01-10 14:08:57'),(213,'Fatima Patel','+92-3595454883','Mumbai',3,'fatimapatel5011@gmail.com','2026-01-10 14:08:57'),(214,'Sana Qureshi','+91-9071256972','Surat',3,'sanaqureshi3984@gmail.com','2026-01-10 14:08:57'),(215,'Amit Ahmed','+91-9061444497','Faisalabad',3,'amitahmed3707@gmail.com','2026-01-10 14:08:57'),(216,'Hamza Kumar','+92-3269103243','Bangalore',3,'hamzakumar116@gmail.com','2026-01-10 14:08:57'),(217,'Diya Qureshi','+92-3369602919','Islamabad',3,'diyaqureshi6927@gmail.com','2026-01-10 14:08:57'),(218,'Rahul Kumar','+92-3484744448','Islamabad',3,'rahulkumar6832@gmail.com','2026-01-10 14:08:57'),(219,'Reyansh Raza','+92-3188794688','Faisalabad',3,'reyanshraza279@gmail.com','2026-01-10 14:08:57'),(220,'Maryam Shah','+91-8289858498','Mumbai',3,'maryamshah741@gmail.com','2026-01-10 14:08:57'),(221,'Usman Patel','+92-3671946904','Lahore',3,'usmanpatel3333@gmail.com','2026-01-10 14:08:57'),(222,'Hamza Malik','+91-8882333681','Karachi',3,'hamzamalik6576@gmail.com','2026-01-10 14:08:57'),(223,'Fatima Ali','+92-3006692100','Jaipur',3,'fatimaali2695@gmail.com','2026-01-10 14:08:57'),(224,'Usman Gupta','+91-7364563224','Surat',3,'usmangupta5107@gmail.com','2026-01-10 14:08:57'),(225,'Omar Patel','+92-3907558414','Peshawar',3,'omarpatel8334@gmail.com','2026-01-10 14:08:57'),(226,'Ali Singh','+92-3160578077','Lahore',3,'alisingh4597@gmail.com','2026-01-10 14:08:57'),(227,'Hassan Sharma','+92-3383338316','Gujranwala',3,'hassansharma2065@gmail.com','2026-01-10 14:08:57'),(228,'Bilal Hussain','+91-8454478124','Surat',3,'bilalhussain1404@gmail.com','2026-01-10 14:08:57'),(229,'Sana Gupta','+92-3051863149','Lahore',3,'sanagupta1834@gmail.com','2026-01-10 14:08:57'),(230,'Vihaan Fernandes','+92-3522593199','Jaipur',3,'vihaanfernandes2013@gmail.com','2026-01-10 14:08:57'),(231,'Hina Reddy','+91-9429136016','Bangalore',3,'hinareddy9358@gmail.com','2026-01-10 14:08:57'),(232,'Ali Patel','+91-7107428028','Mumbai',3,'alipatel8153@gmail.com','2026-01-10 14:08:57'),(233,'Rahul Singh','+91-7797482959','Quetta',3,'rahulsingh9281@gmail.com','2026-01-10 14:08:57'),(234,'Aisha Nair','+91-8577910475','Jaipur',3,'aishanair8495@gmail.com','2026-01-10 14:08:57'),(235,'Vihaan Chaudhry','+91-7439898007','Chennai',3,'vihaanchaudhry2643@gmail.com','2026-01-10 14:08:57'),(236,'Vikram Raza','+91-8168134359','Hyderabad',3,'vikramraza8052@gmail.com','2026-01-10 14:08:57'),(237,'Fatima Reddy','+91-9280721658','Surat',3,'fatimareddy8874@gmail.com','2026-01-10 14:08:57'),(238,'Ahmed Raza','+91-8912238491','Jaipur',3,'ahmedraza5684@gmail.com','2026-01-10 14:08:57'),(239,'Rohan Sharma','+92-3493832524','Lahore',3,'rohansharma5757@gmail.com','2026-01-10 14:08:57'),(240,'Zara Chaudhry','+92-3295517877','Kolkata',3,'zarachaudhry3067@gmail.com','2026-01-10 14:08:57'),(241,'Diya Hussain','+92-3239880332','Kolkata',3,'diyahussain8928@gmail.com','2026-01-10 14:08:57'),(242,'Muhammad Nair','+91-7232058536','Gujranwala',3,'muhammadnair6916@gmail.com','2026-01-10 14:08:57'),(243,'Hassan Reddy','+92-3062107567','Chennai',3,'hassanreddy5805@gmail.com','2026-01-10 14:08:57'),(244,'Aisha Patel','+92-3042674519','Delhi',3,'aishapatel4525@gmail.com','2026-01-10 14:08:57'),(245,'Sai Ahmed','+92-3137505906','Faisalabad',3,'saiahmed2558@gmail.com','2026-01-10 14:08:57'),(246,'Kiran Chaudhry','+92-3770862768','Kolkata',3,'kiranchaudhry8579@gmail.com','2026-01-10 14:08:57'),(247,'Ahmed Gupta','+92-3018272109','Quetta',3,'ahmedgupta3752@gmail.com','2026-01-10 14:08:57'),(248,'Rohan Patel','+92-3673399514','Multan',3,'rohanpatel722@gmail.com','2026-01-10 14:08:57'),(249,'Vihaan Reddy','+92-3246280397','Bangalore',3,'vihaanreddy5464@gmail.com','2026-01-10 14:08:57'),(250,'Vihaan Gupta','+91-7942893367','Delhi',3,'vihaangupta1620@gmail.com','2026-01-10 14:08:57'),(251,'Ali Gupta','+92-3434604386','Jaipur',3,'aligupta5862@gmail.com','2026-01-10 14:08:57'),(252,'Aisha Raza','+91-7854847522','Lahore',3,'aisharaza1571@gmail.com','2026-01-10 14:08:57'),(253,'Priya Malik','+92-3360835577','Faisalabad',3,'priyamalik8257@gmail.com','2026-01-10 14:08:57'),(254,'Neha Mishra','+91-8672137903','Mumbai',3,'nehamishra9178@gmail.com','2026-01-10 14:08:57'),(255,'Sana Nair','+91-7042825386','Jaipur',3,'sananair7549@gmail.com','2026-01-10 14:08:57'),(256,'Vikram Sharma','+91-8564239726','Bangalore',3,'vikramsharma4430@gmail.com','2026-01-10 14:08:57'),(257,'Bilal Patel','+91-8747003987','Lahore',3,'bilalpatel334@gmail.com','2026-01-10 14:08:57'),(258,'Reyansh Singh','+92-3696590497','Lahore',3,'reyanshsingh4557@gmail.com','2026-01-10 14:08:57'),(259,'Diya Hussain','+91-8922875570','Pune',3,'diyahussain726@gmail.com','2026-01-10 14:08:57'),(260,'Kiran Mishra','+91-7458994151','Islamabad',3,'kiranmishra3997@gmail.com','2026-01-10 14:08:57'),(261,'Bilal Fernandes','+91-7467493342','Jaipur',3,'bilalfernandes3875@gmail.com','2026-01-10 14:08:57'),(262,'Diya Malik','+92-3343788854','Chennai',3,'diyamalik6594@gmail.com','2026-01-10 14:08:57'),(263,'Hassan Patel','+92-3127456487','Kolkata',3,'hassanpatel7890@gmail.com','2026-01-10 14:08:57'),(264,'Muhammad Fernandes','+91-7521019384','Mumbai',3,'muhammadfernandes7574@gmail.com','2026-01-10 14:08:57'),(265,'Usman Nair','+91-9692247736','Chennai',3,'usmannair7796@gmail.com','2026-01-10 14:08:57'),(266,'Reyansh Reddy','+92-3018640626','Bangalore',3,'reyanshreddy9343@gmail.com','2026-01-10 14:08:57'),(267,'Fatima Kumar','+92-3509704349','Peshawar',3,'fatimakumar2975@gmail.com','2026-01-10 14:08:57'),(268,'Hamza Nair','+92-3677890031','Kolkata',3,'hamzanair5488@gmail.com','2026-01-10 14:08:57'),(269,'Zara Malik','+91-9674128295','Peshawar',3,'zaramalik4937@gmail.com','2026-01-10 14:08:57'),(270,'Zainab Shah','+91-7290236132','Bangalore',3,'zainabshah7723@gmail.com','2026-01-10 14:08:57'),(271,'Aarav Verma','+91-7492925205','Delhi',3,'aaravverma2942@gmail.com','2026-01-10 14:08:57'),(272,'Usman Sharma','+92-3994372607','Mumbai',3,'usmansharma8693@gmail.com','2026-01-10 14:08:57'),(273,'Rahul Hussain','+92-3434148518','Hyderabad',3,'rahulhussain7101@gmail.com','2026-01-10 14:08:57'),(274,'Hassan Nair','+91-9088379640','Surat',3,'hassannair7929@gmail.com','2026-01-10 14:08:57'),(275,'Diya Ahmed','+91-9636442189','Surat',3,'diyaahmed2320@gmail.com','2026-01-10 14:08:57'),(276,'Zara Gupta','+91-8684744683','Islamabad',3,'zaragupta3898@gmail.com','2026-01-10 14:08:57'),(277,'Zainab Hussain','+92-3718628738','Islamabad',3,'zainabhussain942@gmail.com','2026-01-10 14:08:57'),(278,'Fatima Ali','+92-3961357410','Lahore',3,'fatimaali774@gmail.com','2026-01-10 14:08:57'),(279,'Arjun Raza','+92-3855794233','Gujranwala',3,'arjunraza298@gmail.com','2026-01-10 14:08:57'),(280,'Bilal Malik','+91-8643504983','Ahmedabad',3,'bilalmalik9390@gmail.com','2026-01-10 14:08:57'),(281,'Sai Shah','+92-3010545533','Mumbai',3,'saishah2615@gmail.com','2026-01-10 14:08:57'),(282,'Muhammad Ahmed','+92-3859631628','Surat',3,'muhammadahmed2605@gmail.com','2026-01-10 14:08:57'),(283,'Hassan Ali','+92-3436902132','Quetta',3,'hassanali29@gmail.com','2026-01-10 14:08:57'),(284,'Bilal Sharma','+91-8258259972','Surat',3,'bilalsharma7284@gmail.com','2026-01-10 14:08:57'),(285,'Neha Fernandes','+91-8325102522','Pune',3,'nehafernandes269@gmail.com','2026-01-10 14:08:57'),(286,'Ahmed Raza','+91-7867996047','Hyderabad',3,'ahmedraza1359@gmail.com','2026-01-10 14:08:57'),(287,'Rohan Verma','+92-3091448403','Quetta',3,'rohanverma4551@gmail.com','2026-01-10 14:08:57'),(288,'Ahmed Chaudhry','+91-8711193033','Delhi',3,'ahmedchaudhry1257@gmail.com','2026-01-10 14:08:57'),(289,'Diya Ahmed','+92-3461525616','Mumbai',3,'diyaahmed669@gmail.com','2026-01-10 14:08:57'),(290,'Maryam Singh','+91-7985391971','Hyderabad',3,'maryamsingh2053@gmail.com','2026-01-10 14:08:57'),(291,'Aarav Gupta','+91-9261639852','Chennai',3,'aaravgupta5197@gmail.com','2026-01-10 14:08:57'),(292,'Aditya Sharma','+92-3564900950','Hyderabad',3,'adityasharma4703@gmail.com','2026-01-10 14:08:57'),(293,'Priya Ahmed','+92-3460404570','Pune',3,'priyaahmed5612@gmail.com','2026-01-10 14:08:57'),(294,'Priya Khan','+92-3263269469','Kolkata',3,'priyakhan4707@gmail.com','2026-01-10 14:08:57'),(295,'Kiran Reddy','+92-3363923560','Delhi',3,'kiranreddy4204@gmail.com','2026-01-10 14:08:57'),(296,'Ahmed Singh','+92-3298585166','Kolkata',3,'ahmedsingh3857@gmail.com','2026-01-10 14:08:57'),(297,'Reyansh Malik','+92-3387797326','Bangalore',3,'reyanshmalik6338@gmail.com','2026-01-10 14:08:57'),(298,'Muhammad Sharma','+91-9474584062','Pune',3,'muhammadsharma1396@gmail.com','2026-01-10 14:08:57'),(299,'Rohan Sharma','+91-8310871413','Lahore',3,'rohansharma7644@gmail.com','2026-01-10 14:08:57'),(300,'Zainab Ahmed','+92-3740437463','Chennai',3,'zainabahmed2860@gmail.com','2026-01-10 14:08:57'),(302,'Salik Ahmad','+923313055504','Cantt Park',3,'salikahmad702@gmail.com','2026-01-10 09:30:15'),(303,'Ayyan Ahmad','+923204816110','Iqbal Town',3,'ayyankhan45@gmail.com','2026-01-10 09:34:49'),(304,'Farooq Kamran','+923313068876','Muslim Town',3,'farooqkamran786@gmail.com','2026-01-10 09:39:16');
/*!40000 ALTER TABLE `users` ENABLE KEYS */;
UNLOCK TABLES;

--
-- Final view structure for view `founditemsview`
--

/*!50001 DROP VIEW IF EXISTS `founditemsview`*/;
/*!50001 SET @saved_cs_client          = @@character_set_client */;
/*!50001 SET @saved_cs_results         = @@character_set_results */;
/*!50001 SET @saved_col_connection     = @@collation_connection */;
/*!50001 SET character_set_client      = utf8mb4 */;
/*!50001 SET character_set_results     = utf8mb4 */;
/*!50001 SET collation_connection      = utf8mb4_0900_ai_ci */;
/*!50001 CREATE ALGORITHM=UNDEFINED */
/*!50013 DEFINER=`root`@`localhost` SQL SECURITY DEFINER */
/*!50001 VIEW `founditemsview` AS select `i`.`ItemID` AS `ItemID`,`i`.`ItemName` AS `ItemName`,`i`.`Description` AS `Description`,`c`.`CategoryName` AS `CategoryName`,`l`.`LocationName` AS `LocationName`,`i`.`DateReported` AS `DateReported` from ((`items` `i` join `itemcategories` `c` on((`i`.`CategoryID` = `c`.`CategoryID`))) join `locations` `l` on((`i`.`LocationFoundOrLost` = `l`.`LocationID`))) where (`i`.`Status` = 'Found') */;
/*!50001 SET character_set_client      = @saved_cs_client */;
/*!50001 SET character_set_results     = @saved_cs_results */;
/*!50001 SET collation_connection      = @saved_col_connection */;

--
-- Final view structure for view `lostitemsview`
--

/*!50001 DROP VIEW IF EXISTS `lostitemsview`*/;
/*!50001 SET @saved_cs_client          = @@character_set_client */;
/*!50001 SET @saved_cs_results         = @@character_set_results */;
/*!50001 SET @saved_col_connection     = @@collation_connection */;
/*!50001 SET character_set_client      = utf8mb4 */;
/*!50001 SET character_set_results     = utf8mb4 */;
/*!50001 SET collation_connection      = utf8mb4_0900_ai_ci */;
/*!50001 CREATE ALGORITHM=UNDEFINED */
/*!50013 DEFINER=`root`@`localhost` SQL SECURITY DEFINER */
/*!50001 VIEW `lostitemsview` AS select `i`.`ItemID` AS `ItemID`,`i`.`ItemName` AS `ItemName`,`i`.`Description` AS `Description`,`c`.`CategoryName` AS `CategoryName`,`l`.`LocationName` AS `LocationName`,`i`.`DateReported` AS `DateReported`,`u`.`Name` AS `UsersName` from (((`items` `i` join `itemcategories` `c` on((`i`.`CategoryID` = `c`.`CategoryID`))) join `locations` `l` on((`i`.`LocationFoundOrLost` = `l`.`LocationID`))) join `users` `u` on((`i`.`UserID` = `u`.`UserID`))) where (`i`.`Status` = 'Lost') */;
/*!50001 SET character_set_client      = @saved_cs_client */;
/*!50001 SET character_set_results     = @saved_cs_results */;
/*!50001 SET collation_connection      = @saved_col_connection */;

--
-- Final view structure for view `matchsummaryview`
--

/*!50001 DROP VIEW IF EXISTS `matchsummaryview`*/;
/*!50001 SET @saved_cs_client          = @@character_set_client */;
/*!50001 SET @saved_cs_results         = @@character_set_results */;
/*!50001 SET @saved_col_connection     = @@collation_connection */;
/*!50001 SET character_set_client      = utf8mb4 */;
/*!50001 SET character_set_results     = utf8mb4 */;
/*!50001 SET collation_connection      = utf8mb4_0900_ai_ci */;
/*!50001 CREATE ALGORITHM=UNDEFINED */
/*!50013 DEFINER=`root`@`localhost` SQL SECURITY DEFINER */
/*!50001 VIEW `matchsummaryview` AS select `m`.`MatchID` AS `MatchID`,`m`.`MatchDate` AS `MatchDate`,`m`.`Status` AS `Status`,`l`.`ItemName` AS `LostItem`,`f`.`ItemName` AS `FoundItem`,`loc`.`LocationName` AS `LocationName` from (((`matches` `m` join `items` `l` on((`m`.`LostItemID` = `l`.`ItemID`))) join `items` `f` on((`m`.`FoundItemID` = `f`.`ItemID`))) join `locations` `loc` on((`l`.`LocationFoundOrLost` = `loc`.`LocationID`))) */;
/*!50001 SET character_set_client      = @saved_cs_client */;
/*!50001 SET character_set_results     = @saved_cs_results */;
/*!50001 SET collation_connection      = @saved_col_connection */;
/*!40103 SET TIME_ZONE=@OLD_TIME_ZONE */;

/*!40101 SET SQL_MODE=@OLD_SQL_MODE */;
/*!40014 SET FOREIGN_KEY_CHECKS=@OLD_FOREIGN_KEY_CHECKS */;
/*!40014 SET UNIQUE_CHECKS=@OLD_UNIQUE_CHECKS */;
/*!40101 SET CHARACTER_SET_CLIENT=@OLD_CHARACTER_SET_CLIENT */;
/*!40101 SET CHARACTER_SET_RESULTS=@OLD_CHARACTER_SET_RESULTS */;
/*!40101 SET COLLATION_CONNECTION=@OLD_COLLATION_CONNECTION */;
/*!40111 SET SQL_NOTES=@OLD_SQL_NOTES */;

-- Dump completed on 2026-01-11 16:51:13
